temperature_c,vibration,humidite_pct,pression_bar,heures_utilisation_jour,nb_alertes_7j,derniere_maintenance_jours,nb_interventions_12m,consommation_kwh_j,indice_usure,site,equipement_type,panne_30j,outlier_flag
55.45,7.02,28.63,2.93,19.39,3.0,132.0,15.0,370.343807,8.66,B,pompe,0,False
39.31,1.11,74.84,3.38,12.35,5.0,251.0,5.0,582.848399,41.36,C,pompe,0,False
93.43,1.47,52.79,7.57,5.74,1.0,294.0,11.0,242.068221,9.41,B,convoyeur,0,False
51.46,8.96,76.49,4.17,9.32,9.0,622.0,18.0,773.819673,1.0,B,pompe,0,False
83.69,6.86,49.95,3.04,9.79,17.0,67.0,4.0,706.677543,71.65,B,convoyeur,0,False
43.49,1.82,31.0,2.22,4.41,12.0,395.0,3.0,741.661669,79.66,B,pompe,0,False
53.19,17.52,14.92,1.39,0.88,8.0,515.0,0.0,315.663014,78.72,C,pompe,0,False
83.57,16.08,26.98,8.63,11.25,18.0,476.0,1.0,611.483137,62.5,C,compresseur,0,False
50.36,9.65,73.7,8.38,13.93,16.0,390.0,4.0,665.749638,21.77,C,compresseur,0,False
92.55,15.15,73.61,7.03,10.7,5.0,352.0,14.0,159.138742,68.3,C,compresseur,0,False
92.18,7.16,61.83,5.7,9.11,11.0,439.0,6.0,450.148972,72.22,B,pompe,0,False
56.88,3.46,73.16,4.36,4.97,11.0,38.0,1.0,826.498336,19.26,B,convoyeur,0,False
60.06,5.73,76.88,3.53,3.1,1.0,466.0,5.0,591.632174,98.74,C,pompe,0,False
36.93,0.64,81.7,9.28,14.8,4.0,65.0,0.0,558.976261,16.74,A,convoyeur,0,False
55.9,13.18,28.27,8.22,9.44,0.0,668.0,13.0,861.119111,98.06,C,pompe,0,False
58.45,1.07,18.44,7.08,11.08,9.0,702.0,9.0,736.437873,93.97,A,pompe,0,False
40.41,4.69,57.95,8.0,19.88,21.0,3.0,16.0,606.951184,45.18,B,compresseur,1,False
56.04,15.66,37.56,4.48,16.6,8.0,550.0,6.0,770.963472,6.56,A,convoyeur,0,False
53.85,18.45,50.47,4.43,13.03,1.0,510.0,2.0,701.643067,92.88,C,convoyeur,0,False
51.17,8.52,71.65,9.02,4.22,18.0,127.0,0.0,892.176003,27.24,A,compresseur,0,False
54.96,18.21,88.64,7.41,3.09,23.0,28.0,2.0,175.818902,52.52,A,convoyeur,1,False
66.32,5.83,53.01,7.2,20.82,10.0,437.0,8.0,203.488028,51.78,A,pompe,0,False
73.9,3.86,42.26,0.92,8.21,21.0,493.0,0.0,638.968314,67.74,B,pompe,0,False
53.5,8.87,49.43,1.8,14.46,17.0,104.0,7.0,972.712305,53.18,B,pompe,0,False
38.17,17.57,57.99,8.65,18.21,14.0,718.0,16.0,435.752042,15.46,B,convoyeur,0,False
45.36,14.66,28.53,6.11,19.81,12.0,78.0,12.0,0.0,3.81,A,convoyeur,0,False
39.97,4.25,57.45,2.74,15.2,1.0,8.0,10.0,816.992444,93.52,C,compresseur,0,False
79.15,16.68,67.01,4.26,14.38,2.0,676.0,14.0,687.81715,78.29,B,pompe,0,False
55.62,10.07,25.49,1.43,14.45,23.0,581.0,13.0,881.465623,91.91,C,pompe,0,False
79.48,12.05,14.24,1.05,10.94,3.0,580.0,3.0,779.556987,14.92,A,convoyeur,0,False
91.27,1.12,69.17,4.85,7.69,2.0,90.0,10.0,415.630089,78.84,A,compresseur,0,False
62.32,73.37,64.36,1.03,15.03,7.0,314.0,8.0,0.0,59.21,C,pompe,0,True
36.65,4.52,44.66,5.09,12.18,19.0,200.0,0.0,550.121054,74.35,B,pompe,0,False
52.92,12.47,81.01,8.82,13.94,3.0,661.0,10.0,533.573253,37.06,C,convoyeur,0,False
62.08,9.42,24.64,6.31,17.87,25.0,665.0,11.0,112.452688,28.38,B,compresseur,0,False
76.55,6.58,84.83,6.09,8.06,12.0,346.0,6.0,407.22147,40.21,B,pompe,0,False
43.69,14.04,72.27,0.98,17.78,17.0,617.0,5.0,722.584775,78.81,B,pompe,1,False
75.36,7.8,80.09,2.28,17.41,10.0,573.0,18.0,397.580519,10.98,A,compresseur,0,False
42.03,2.37,48.85,8.57,15.69,15.0,406.0,7.0,675.349304,19.91,B,convoyeur,0,False
82.48,11.94,55.67,8.53,1.64,3.0,274.0,14.0,817.849814,75.77,A,pompe,1,False
40.3,4.5,19.76,6.07,6.34,14.0,687.0,5.0,657.935042,84.2,B,pompe,0,False
49.51,8.77,43.9,3.86,4.01,3.0,210.0,18.0,442.2529,62.97,A,convoyeur,0,False
64.38,6.99,57.35,4.5,3.02,22.0,492.0,5.0,707.646704,12.31,C,pompe,0,False
43.45,5.63,48.06,5.02,1.62,13.0,30.0,16.0,370.819635,88.0,A,compresseur,1,False
38.26,2.35,26.62,2.72,8.09,9.0,493.0,7.0,33.304652,33.96,C,compresseur,0,False
68.38,3.1,30.27,3.05,11.27,25.0,361.0,17.0,942.836904,70.76,B,convoyeur,0,False
78.68,5.64,69.73,8.86,0.57,13.0,109.0,5.0,37.400027,84.64,C,convoyeur,0,False
58.69,14.4,68.38,5.78,10.47,9.0,720.0,11.0,152.913902,89.27,B,pompe,0,False
45.96,17.69,10.9,0.85,20.76,9.0,373.0,18.0,172.411181,33.23,A,convoyeur,1,False
78.18,5.61,18.33,5.6,21.95,10.0,166.0,73.92,205.223562,62.16,A,compresseur,0,True
79.61,15.63,19.01,6.16,19.8,10.0,49.0,8.0,340.657904,91.22,C,convoyeur,0,False
79.95,15.59,55.49,2.31,16.74,12.0,447.0,8.0,758.302401,14.25,B,convoyeur,0,False
69.91,17.61,48.16,4.45,5.46,6.0,439.0,11.0,1088.165366,88.83,A,pompe,0,False
85.03,18.41,69.9,8.63,13.89,11.0,194.0,1.0,360.021967,67.58,C,convoyeur,1,False
82.14,5.08,26.04,1.97,18.74,18.0,222.0,7.0,535.116883,79.76,C,convoyeur,0,False
68.1,6.45,27.36,9.04,11.73,9.0,58.0,9.0,414.931117,57.77,A,compresseur,0,False
82.25,13.28,64.98,3.8,15.37,9.0,84.0,13.0,798.931147,2.25,B,convoyeur,1,False
64.25,12.71,14.51,3.69,2.47,16.0,170.0,14.0,360.567122,83.51,B,convoyeur,0,False
39.39,16.6,45.72,3.37,7.3,16.0,21.0,13.0,289.475573,623.7,C,convoyeur,1,True
54.74,3.3,18.04,9.05,4.23,23.0,129.0,9.0,493.90651,64.64,A,compresseur,0,False
40.45,15.63,57.33,8.46,0.51,23.0,236.0,0.0,765.275757,47.02,B,pompe,0,False
89.89,12.13,33.58,6.01,15.08,2.0,242.0,7.0,379.7055,23.39,A,pompe,0,False
63.85,7.25,62.15,2.96,14.25,5.0,167.0,15.0,901.359706,30.62,A,compresseur,0,False
73.59,9.01,24.23,1.66,5.21,5.0,548.0,17.0,223.837996,0.77,C,convoyeur,0,False
58.73,5.1,47.27,1.67,20.88,2.0,2282.57,9.0,685.620194,31.91,B,convoyeur,0,True
61.86,8.97,44.05,7.47,3.08,18.0,387.0,18.0,0.0,51.8,A,convoyeur,0,False
36.52,12.09,38.97,4.36,12.2,6.0,347.0,5.0,65.100172,70.35,A,pompe,1,False
75.12,1.85,66.62,8.05,21.91,20.0,148.0,7.0,246.422551,84.3,A,pompe,0,False
53.01,4.44,84.32,3.3,3.38,24.0,302.0,16.0,489.653233,53.83,A,compresseur,0,False
61.71,8.1,87.06,4.68,10.91,10.0,389.0,11.0,600.110576,82.05,B,convoyeur,0,False
89.18,8.62,41.83,1.36,0.57,8.0,74.0,16.0,293.750255,60.12,C,pompe,0,False
60.3,3.52,88.14,2.77,10.17,15.0,129.0,18.0,266.603771,13.13,B,pompe,0,False
90.22,10.58,28.02,4.88,10.97,18.0,558.0,18.0,502.806136,79.14,C,convoyeur,0,False
65.08,18.33,35.41,6.84,14.65,13.0,267.0,7.0,408.508933,87.28,B,pompe,0,False
46.33,3.42,44.46,9.12,17.61,8.0,85.0,14.0,620.043905,86.67,C,pompe,0,False
71.69,3.56,25.38,2.86,6.14,5.0,210.0,3.0,369.09867,56.66,C,pompe,0,False
77.4,12.92,66.73,3.86,4.43,24.0,113.0,11.0,327.296928,21.81,B,convoyeur,1,False
70.64,18.15,60.59,5.395,6.47,3.0,97.0,18.0,827.047007,27.75,A,compresseur,1,False
56.96,5.14,68.2,9.06,2.7,22.0,170.0,14.0,244.975755,66.08,C,pompe,0,False
80.68,17.65,11.12,6.51,11.15,13.0,730.0,16.0,556.690781,93.74,A,convoyeur,0,False
89.32,14.28,85.07,6.88,7.13,11.0,634.0,7.0,264.84925,87.42,C,pompe,0,False
76.4,7.85,36.2,1.58,2.71,24.0,268.0,9.0,6.044197,12.51,A,convoyeur,0,False
66.4,18.44,39.15,7.6,14.29,24.0,584.0,11.0,543.864283,90.0,B,compresseur,0,False
58.77,12.02,80.93,5.94,5.51,11.0,236.0,3.0,593.102766,55.86,A,pompe,0,False
41.02,16.66,73.44,3.75,11.46,11.0,710.0,18.0,361.858076,57.26,B,pompe,0,False
73.41,3.29,50.43,5.95,8.2,19.0,120.0,15.0,72.561236,38.84,A,convoyeur,0,False
80.5,9.77,72.69,7.24,14.16,16.0,151.0,18.0,428.798732,14.1,A,pompe,1,False
70.07,8.3,12.09,7.84,7.27,15.0,453.0,12.0,85.764085,96.05,B,convoyeur,0,False
92.81,12.13,13.84,5.08,19.19,22.0,284.0,17.0,589.740627,14.5,B,compresseur,0,False
44.77,12.99,64.51,7.4,5.82,1.0,223.0,3.0,267.279397,43.62,B,convoyeur,0,False
66.37,5.75,50.73,4.43,13.24,14.0,325.0,13.0,212.42075,81.2,A,pompe,0,False
38.02,12.17,47.02,7.8,2.5,23.0,496.0,15.0,319.541051,70.18,A,pompe,0,False
75.27,11.57,68.97,8.95,18.1,22.0,543.0,0.0,513.708218,13.78,B,convoyeur,0,False
88.8,16.54,84.57,9.12,19.8,24.0,507.0,9.0,499.99706,29.51,B,convoyeur,1,False
79.59,9.64,52.04,5.08,7.73,14.0,13.0,9.0,628.975076,63.63,A,pompe,0,False
86.17,4.86,77.67,7.39,8.21,4.0,361.0,4.0,775.196483,2.93,B,pompe,0,False
44.04,4.37,11.44,2.41,17.12,17.0,707.0,16.0,142.141542,86.69,B,convoyeur,0,False
84.63,7.94,13.51,4.59,21.07,15.0,338.0,17.0,858.097145,24.3,B,compresseur,0,False
87.46,10.84,54.3,8.65,12.25,10.0,562.0,2.0,507.247034,68.16,C,compresseur,0,False
57.04,10.88,68.47,3.99,12.96,14.0,16.0,13.0,825.547329,65.46,C,compresseur,0,False
47.15,17.21,50.4,1.24,2.44,7.0,186.0,12.0,767.438812,24.05,A,convoyeur,0,False
53.41,14.74,32.19,5.96,4.75,20.0,565.0,16.0,626.201109,38.86,C,convoyeur,0,False
43.46,15.74,82.26,6.14,4.57,11.0,147.0,13.0,446.69948,78.88,A,pompe,1,False
73.1,7.59,17.7,5.03,16.41,2.0,444.0,1.0,0.0,16.86,B,convoyeur,0,False
52.57,12.39,15.16,7.98,9.01,11.0,431.0,7.0,126.070581,27.08,B,pompe,0,False
84.45,11.38,59.94,7.14,11.91,5.0,357.0,17.0,105.076329,76.42,C,compresseur,0,False
62.7,4.97,42.6,5.77,10.01,3.0,6.0,13.0,728.489965,27.52,A,pompe,0,False
55.79,5.59,88.45,6.59,20.15,6.0,480.0,6.0,194.108233,73.47,C,pompe,0,False
57.84,18.38,11.06,5.92,16.92,23.0,448.0,8.0,90.16025,14.83,C,compresseur,1,False
69.9,1.26,42.67,1.48,16.31,17.0,513.0,18.0,128.037711,87.0,C,pompe,0,False
69.81,11.34,36.34,2.88,12.43,5.0,75.0,13.0,292.19657,50.04,B,convoyeur,0,False
41.93,17.86,77.27,7.01,2.87,11.0,196.0,17.0,441.340953,98.28,C,compresseur,1,False
90.58,8.54,68.55,2.69,21.73,4.0,193.0,15.0,628.625494,21.64,A,compresseur,0,False
90.28,10.23,91.5,3.51,13.78,14.0,665.0,17.0,607.327125,65.03,B,convoyeur,0,False
89.27,2.26,54.87,3.14,15.42,15.0,616.0,15.0,534.49913,37.06,C,convoyeur,0,False
50.4,5.2,51.91,3.37,15.1,21.0,417.0,10.0,827.743269,45.88,B,compresseur,0,False
60.29,4.11,90.89,9.43,10.0,19.0,648.0,13.0,97.324225,87.8,A,convoyeur,0,False
91.5,13.26,55.4,4.42,17.47,3.0,670.0,16.0,189.010083,26.33,C,pompe,1,False
75.49,5.74,16.31,2.49,3.91,19.0,612.0,10.0,493.272016,75.69,B,pompe,0,False
87.0,16.88,52.53,1.52,16.94,22.0,317.0,0.0,24.013832,92.91,C,convoyeur,0,False
69.64,5.17,54.63,2.58,12.31,14.0,346.0,7.0,192.390651,59.37,A,pompe,0,False
83.19,10.09,22.34,7.76,14.93,11.0,470.0,7.0,557.345465,99.48,C,compresseur,0,False
91.47,0.3,39.42,5.89,1.48,20.0,401.0,18.0,419.267299,2.64,A,pompe,0,False
70.45,16.91,77.28,9.45,1.31,3.0,355.0,2.0,35.380255,77.97,A,convoyeur,1,False
48.34,3.36,14.1,3.62,8.52,21.0,650.0,14.0,359.954364,89.58,C,convoyeur,0,False
56.46,4.56,29.26,7.39,4.88,10.0,511.0,2.0,581.218567,18.1,B,convoyeur,0,False
66.45,8.14,38.64,4.01,17.36,17.0,683.0,4.0,299.054629,41.1,C,convoyeur,0,False
79.65,16.6,13.99,5.07,18.34,24.0,31.0,8.0,160.364827,35.67,A,pompe,0,False
80.64,8.68,12.83,1.99,8.9,11.0,91.0,9.0,461.922696,2.85,B,compresseur,0,False
40.45,17.52,25.83,6.93,20.64,10.0,84.0,15.0,84.132454,31.96,C,convoyeur,0,False
60.35,11.18,23.07,1.99,3.36,7.0,209.0,0.0,419.485265,94.73,A,convoyeur,1,False
84.49,4.9,24.24,7.49,16.34,7.0,182.0,13.0,682.351976,80.04,A,pompe,0,False
87.04,15.29,71.87,2.1,2.02,10.0,33.0,13.0,491.487159,63.57,C,compresseur,1,False
43.58,13.03,79.39,6.14,4.22,13.0,177.0,18.0,718.384315,92.53,A,convoyeur,0,False
90.73,5.46,88.77,6.92,1.7,10.0,336.0,7.0,456.743138,87.17,B,compresseur,0,False
36.91,7.77,37.65,8.08,12.0,4.0,100.0,4.0,278.12663,81.38,C,compresseur,0,False
60.12,1.9,81.77,6.4,7.16,13.0,557.0,12.0,803.247008,7.26,B,compresseur,0,False
67.66,9.79,83.04,6.39,10.09,22.0,130.0,16.0,157.622848,31.6,B,pompe,0,False
50.22,18.33,28.73,3.07,21.58,13.0,35.0,17.0,462.64921,12.6,A,pompe,1,False
85.85,11.07,54.67,7.45,10.74,10.0,186.0,0.0,0.0,85.15,B,compresseur,0,False
70.95,13.88,20.28,3.76,11.43,2.0,313.0,18.0,753.317648,38.64,C,pompe,0,False
91.75,13.9,26.0,8.12,13.22,11.0,378.0,8.0,521.122759,30.8,B,pompe,1,False
68.93,16.19,88.22,6.02,9.79,6.0,566.0,11.0,488.238552,93.34,A,pompe,1,False
80.52,18.44,42.99,8.49,5.51,23.0,339.0,3.0,690.937844,42.68,B,convoyeur,1,False
92.19,6.47,57.55,6.01,21.38,8.0,49.0,2.0,405.586515,55.56,C,convoyeur,1,False
48.58,1.8,67.75,5.24,13.59,25.0,176.0,5.0,154.642931,82.41,C,compresseur,0,False
239.23,14.49,41.78,7.9,11.34,14.0,183.0,12.0,798.800126,78.53,B,pompe,1,True
36.23,14.72,34.38,4.25,15.11,7.0,560.0,3.0,457.117303,7.1,C,pompe,0,False
92.53,16.69,70.91,4.47,14.08,23.0,252.0,9.0,205.836027,25.93,C,pompe,1,False
39.32,1.07,32.26,8.85,19.13,5.0,156.0,7.0,564.030244,14.91,B,convoyeur,0,False
91.95,6.9,29.55,4.34,5.28,18.0,119.0,18.0,466.251846,35.04,B,pompe,0,False
75.5,12.18,12.52,3.56,4.62,9.0,81.0,16.0,1352.253172,99.61,B,compresseur,0,True
71.84,6.61,74.51,8.7,11.63,14.0,547.0,9.0,34.363239,77.44,A,pompe,0,False
75.0,15.18,87.89,7.5,16.06,18.0,649.0,5.0,748.730039,17.56,C,pompe,0,False
52.15,11.41,22.46,1.7,11.42,4.0,609.0,0.0,345.738461,31.1,B,convoyeur,0,False
62.79,16.18,85.89,9.17,17.82,18.0,81.0,4.0,524.569658,74.55,C,compresseur,0,False
76.18,7.31,23.06,2.99,11.75,24.0,61.0,13.0,295.902285,11.46,A,compresseur,0,False
42.38,4.63,71.14,0.86,20.45,16.0,371.0,9.0,454.456604,7.41,A,pompe,1,False
45.88,12.1,38.55,3.93,1.94,15.0,316.0,18.0,515.300256,9.09,C,convoyeur,0,False
66.41,11.1,49.22,7.57,5.94,13.0,728.0,16.0,282.7983,25.59,B,convoyeur,0,False
48.31,1.5,64.1,7.33,7.0,17.0,390.0,14.0,412.470731,52.16,C,pompe,0,False
66.19,1.85,23.56,8.67,20.17,14.0,673.0,12.0,599.116909,50.58,C,compresseur,0,False
77.59,4.48,47.27,1.88,3.46,3.0,109.0,1.0,251.239437,9.41,C,convoyeur,0,False
77.9,12.32,15.38,5.64,9.33,13.0,694.0,6.0,420.043359,13.9,C,convoyeur,0,False
53.0,7.57,33.7,2.15,11.09,3.0,590.0,17.0,395.321673,16.26,A,pompe,0,False
66.85,15.21,48.04,3.88,2.72,23.0,445.0,12.0,211.488454,3.08,A,convoyeur,0,False
73.09,7.63,58.42,6.4,5.03,24.0,184.0,11.0,720.525127,89.62,B,convoyeur,0,False
41.53,10.59,85.68,4.99,14.97,17.0,560.0,2.0,271.12633,13.37,C,pompe,0,False
43.07,8.14,86.29,3.23,8.92,12.0,499.0,13.0,327.698388,40.59,B,compresseur,1,False
74.31,4.27,27.08,8.74,2.73,2.0,455.0,11.0,132.219064,13.55,B,convoyeur,0,False
59.73,13.21,43.15,3.16,7.78,18.0,134.0,15.0,238.063481,4.28,A,convoyeur,0,False
80.11,9.8,73.89,5.56,16.59,4.0,46.0,5.0,371.399746,9.54,A,convoyeur,0,False
66.85,16.97,55.07,4.93,19.33,0.0,699.0,3.0,108.619685,35.48,A,compresseur,0,False
42.41,9.89,76.34,7.91,16.39,5.0,691.0,13.0,508.112392,77.2,A,convoyeur,0,False
42.08,14.94,14.36,2.23,16.58,19.0,121.0,16.0,411.192414,69.15,B,convoyeur,0,False
65.49,0.35,70.79,1.35,21.04,3.0,180.0,15.0,813.397678,53.2,B,pompe,0,False
60.61,10.84,34.11,0.93,8.1,22.0,257.0,15.0,431.031997,15.59,C,convoyeur,0,False
47.79,12.21,19.41,6.68,15.13,25.0,600.0,18.0,564.83918,75.21,B,compresseur,0,False
93.25,9.98,67.34,6.37,11.27,17.0,352.0,1.0,802.401356,34.84,C,compresseur,1,False
67.48,2.01,21.32,3.69,0.93,7.0,31.0,3.0,191.731631,93.66,C,pompe,0,False
68.93,14.43,82.57,9.25,2.32,1.0,93.0,12.0,777.695855,96.77,A,compresseur,1,False
47.33,14.21,16.7,0.9,12.66,3.0,98.0,10.0,678.046475,68.3,A,convoyeur,1,False
80.55,3.53,63.43,9.16,14.01,25.0,730.0,12.0,483.991597,75.69,C,convoyeur,0,False
64.09,4.51,34.14,9.09,3.48,10.0,431.0,2.0,595.24926,57.52,A,pompe,0,False
66.85,9.52,74.37,8.54,9.66,5.0,263.0,13.0,712.402039,74.45,A,convoyeur,0,False
40.23,11.08,48.95,4.52,7.47,10.0,559.0,8.0,611.157651,11.41,A,convoyeur,0,False
35.68,17.23,48.09,1.15,2.3,9.0,551.0,12.0,814.404502,45.41,B,convoyeur,1,False
68.86,6.99,47.99,4.93,7.98,16.0,559.0,16.0,87.195364,46.0,C,convoyeur,0,False
68.82,16.86,10.92,8.68,15.95,12.0,158.0,9.0,329.12301,72.93,B,pompe,1,False
58.02,0.85,48.56,7.38,21.54,1.0,285.0,9.0,54.952638,54.09,C,compresseur,0,False
40.99,4.59,81.62,2.41,0.93,23.0,392.0,5.0,683.690074,18.68,B,convoyeur,0,False
94.1,7.64,31.15,3.49,11.57,0.0,352.0,17.0,453.144019,66.67,B,pompe,0,False
47.16,9.43,19.7,4.09,20.49,1.0,664.0,8.0,0.0,46.8,B,convoyeur,0,False
66.32,7.45,80.18,6.49,13.21,0.0,513.0,0.0,561.4306,30.19,C,compresseur,0,False
67.42,3.5,40.54,5.85,5.24,16.0,349.0,8.0,223.244474,98.14,C,compresseur,0,False
40.8,16.86,18.8,1.69,1.12,20.0,347.0,11.0,389.335817,42.01,B,pompe,0,False
35.37,10.25,43.66,3.03,12.92,14.0,670.0,3.0,534.577972,82.49,C,compresseur,1,False
38.85,9.9,62.85,9.12,2.48,16.0,26.0,6.0,776.900545,32.65,A,convoyeur,0,False
90.15,18.3,78.9,9.14,13.43,16.0,130.0,3.0,689.754225,85.09,A,pompe,1,False
56.49,17.4,12.02,7.65,18.61,25.0,131.0,13.0,576.997585,99.68,B,convoyeur,0,False
85.97,3.06,13.2,5.395,5.29,4.0,314.0,5.0,355.128591,37.58,C,pompe,0,False
60.62,3.81,23.71,2.47,8.3,9.0,612.0,13.0,598.817054,80.13,B,pompe,0,False
45.13,17.2,77.5,2.7,6.85,9.0,729.0,10.0,629.093701,33.81,C,compresseur,0,False
68.69,2.71,54.6,3.14,19.8,25.0,677.0,14.0,145.796731,44.46,A,pompe,0,False
46.36,7.98,50.4,3.57,11.81,10.0,648.0,9.0,523.609023,2.68,A,compresseur,0,False
41.22,1.7,27.63,9.35,19.29,24.0,713.0,14.0,11.631025,89.42,C,compresseur,0,False
43.27,6.82,73.03,5.67,14.93,5.0,351.0,14.0,323.934479,14.95,C,compresseur,0,False
51.01,3.74,50.1,5.31,1.78,3.0,434.0,1.0,625.479052,5.63,A,convoyeur,0,False
55.34,7.63,38.44,7.64,11.69,10.0,535.0,3.0,647.487643,97.84,B,pompe,0,False
74.99,17.6,20.09,5.51,10.32,14.0,218.0,13.0,526.68384,34.67,B,pompe,1,False
92.42,4.45,32.3,6.96,3.83,24.0,75.0,17.0,1041.260831,30.73,C,convoyeur,0,False
78.28,16.4,39.41,1.78,9.49,12.0,720.0,4.0,254.075548,75.05,C,convoyeur,0,False
43.81,15.49,49.41,6.25,17.09,9.0,289.0,15.0,91.418936,11.06,B,pompe,0,False
35.3,5.25,38.57,6.12,10.2,6.0,96.0,4.0,117.398784,98.81,B,pompe,1,False
72.02,15.87,28.59,8.01,17.35,8.0,446.0,15.0,680.072787,66.7,A,convoyeur,1,False
72.3,13.73,41.97,7.03,18.17,18.0,730.0,14.0,764.809848,25.14,C,compresseur,0,False
37.51,1.21,58.7,8.06,0.95,25.0,198.0,4.0,257.873833,86.18,C,compresseur,0,False
50.32,4.9,75.72,1.65,16.1,13.0,652.0,4.0,100.295471,82.29,B,convoyeur,0,False
71.72,10.51,57.88,7.75,15.09,2.0,389.0,0.0,3.486658,65.61,B,convoyeur,0,False
90.1,7.68,32.06,6.16,4.26,9.0,57.0,5.0,81.352896,92.59,B,compresseur,1,False
52.52,16.83,32.74,7.91,5.16,17.0,45.0,6.0,563.366901,90.34,C,pompe,0,False
75.59,11.48,65.43,9.34,14.17,17.0,186.0,13.0,83.377967,5.43,B,pompe,1,False
45.11,5.18,14.6,1.78,10.34,11.0,60.0,12.0,801.956889,44.46,B,pompe,0,False
80.27,12.0,31.2,5.52,10.49,15.0,382.0,18.0,0.0,34.63,A,pompe,0,False
74.0,16.63,82.91,4.44,21.62,0.0,186.0,14.0,21.329373,26.45,C,pompe,1,False
47.35,12.8,62.18,8.2,21.37,23.0,649.0,12.0,567.348024,74.22,A,pompe,0,False
81.35,9.51,51.89,3.67,14.16,7.0,36.0,9.0,609.78234,79.18,A,pompe,0,False
54.81,17.2,17.49,4.73,18.11,23.0,271.0,8.0,21.656962,40.15,C,pompe,1,False
48.13,2.28,73.8,7.63,20.82,10.0,699.0,16.0,351.865279,51.8,A,convoyeur,0,False
35.2,4.84,90.4,1.24,20.25,18.0,484.0,4.0,215.325266,43.44,B,convoyeur,0,False
38.15,9.0,29.16,3.84,1.29,15.0,693.0,16.0,619.921861,16.47,A,compresseur,0,False
69.93,2.19,19.9,3.69,19.68,9.0,618.0,15.0,489.740369,38.77,A,convoyeur,0,False
48.81,8.67,37.98,9.33,3.69,10.0,30.0,2.0,204.559329,88.68,C,pompe,0,False
54.25,12.98,55.02,8.65,7.74,8.0,616.0,13.0,202.052178,17.59,C,convoyeur,0,False
83.35,15.64,10.38,4.08,7.65,14.0,256.0,14.0,298.321326,81.36,C,convoyeur,1,False
45.89,1.99,86.62,1.36,4.01,21.0,175.0,2.0,93.955599,85.22,B,convoyeur,0,False
311.48,8.82,14.22,8.33,6.24,8.0,57.0,6.0,219.148219,39.95,A,convoyeur,0,True
63.96,5.17,45.07,1.66,4.08,2.0,494.0,8.0,92.767674,47.53,B,compresseur,0,False
92.44,5.38,11.0,7.65,12.42,21.0,315.0,15.0,373.149965,74.03,C,convoyeur,1,False
72.19,1.03,53.71,1.54,21.78,6.0,172.0,11.0,412.957348,25.93,B,convoyeur,0,False
62.95,9.85,63.64,1.29,18.16,4.0,574.0,9.0,136.324646,24.47,A,pompe,0,False
59.71,10.45,72.65,4.07,13.93,2.0,131.0,11.0,168.835763,17.03,A,convoyeur,1,False
35.34,2.6,59.55,7.99,11.15,8.0,79.0,13.0,421.371609,76.09,C,convoyeur,0,False
70.74,9.85,42.58,8.67,1.28,12.0,17.0,14.0,67.205967,68.18,A,convoyeur,1,False
73.12,11.11,41.05,1.51,18.31,24.0,14.0,17.0,494.592353,59.86,C,convoyeur,0,False
70.24,3.1,28.02,9.5,9.99,0.0,220.0,9.0,573.611412,98.95,A,compresseur,0,False
43.44,7.26,88.63,7.48,15.06,10.0,348.0,13.0,328.851183,65.63,C,compresseur,1,False
75.88,13.29,38.94,6.16,5.15,6.0,637.0,2.0,412.765208,77.91,B,compresseur,0,False
81.48,10.64,57.53,9.2,6.42,2.0,398.0,12.0,551.894893,39.48,C,pompe,0,False
73.19,6.31,29.46,4.31,16.91,13.0,184.0,15.0,505.171584,51.15,B,pompe,0,False
88.88,15.0,76.37,1.68,16.22,3.0,179.0,4.0,770.614618,40.52,C,convoyeur,1,False
50.57,0.85,61.26,9.39,9.26,7.0,431.0,3.0,417.660345,70.53,A,compresseur,0,False
88.19,2.5,29.37,7.19,19.01,8.0,627.0,12.0,795.794023,36.88,B,compresseur,0,False
89.2,14.89,89.03,6.85,17.61,23.0,123.0,0.0,299.084661,50.99,A,convoyeur,1,False
92.23,1.53,10.67,3.57,7.55,16.0,282.0,5.0,98.212884,13.79,B,pompe,0,False
62.11,14.05,21.37,9.31,5.54,1.0,653.0,2.0,88.528905,29.54,C,pompe,0,False
73.65,4.95,35.89,5.86,7.21,16.0,150.0,1.0,625.121705,52.53,C,compresseur,0,False
78.64,0.76,60.93,1.67,21.46,10.0,545.0,3.0,175.663514,22.42,C,compresseur,0,False
35.78,0.22,76.73,8.19,8.78,18.0,619.0,1.0,452.281284,50.19,B,pompe,0,False
61.44,6.81,39.41,2.79,15.64,9.0,485.0,12.0,675.073226,90.18,B,compresseur,0,False
48.12,14.9,77.37,3.66,10.52,2.0,683.0,8.0,443.011996,86.41,B,convoyeur,0,False
51.55,14.02,48.02,4.72,4.19,22.0,115.0,17.0,451.114534,23.68,C,pompe,0,False
71.38,9.6,43.16,8.2,7.65,13.0,309.0,13.0,803.611224,98.54,C,convoyeur,0,False
92.52,16.99,19.97,4.12,12.46,4.0,176.0,16.0,249.814048,32.12,A,convoyeur,0,False
64.87,13.91,88.78,3.97,10.37,19.0,641.0,12.0,628.947612,55.26,B,convoyeur,0,False
70.89,9.21,65.92,8.09,20.86,21.0,705.0,5.0,728.666155,26.68,B,pompe,0,False
88.22,5.24,68.04,4.97,14.63,0.0,192.0,14.0,809.061809,75.36,C,pompe,0,False
81.54,12.28,59.29,5.21,6.11,9.0,367.0,18.0,270.618375,51.23,A,compresseur,0,False
58.65,4.18,88.42,2.81,15.01,22.0,374.0,7.0,537.24413,16.32,C,compresseur,0,False
83.28,8.81,56.77,7.55,7.9,10.0,3.0,5.0,216.487371,9.75,A,convoyeur,1,False
53.83,18.49,80.23,4.34,20.34,3.0,693.0,13.0,537.954678,79.98,C,convoyeur,0,False
84.96,15.64,22.42,9.1,21.82,22.0,3218.95,4.0,330.366785,84.42,C,compresseur,0,True
84.13,12.37,69.21,7.96,14.16,14.0,137.0,14.0,599.675565,13.87,C,convoyeur,0,False
94.11,10.95,78.25,9.22,4.51,18.0,449.0,15.0,750.552222,66.25,C,compresseur,1,False
68.43,17.49,89.98,8.1,17.2,18.0,290.0,6.0,58.745075,66.82,B,convoyeur,1,False
56.68,12.11,87.49,7.03,9.84,4.0,292.0,16.0,868.666054,98.51,C,convoyeur,0,False
72.81,2.67,36.21,1.04,17.16,21.0,476.0,8.0,619.387335,47.6,B,pompe,0,False
35.54,6.6,56.41,5.05,9.71,22.0,330.0,17.0,816.533276,50.39,C,convoyeur,0,False
53.36,12.47,84.54,4.68,18.3,7.0,103.0,10.0,394.831104,9.38,A,compresseur,1,False
69.72,2.4,53.76,4.52,13.72,20.0,581.0,17.0,44.206505,88.18,C,pompe,0,False
61.96,2.58,21.58,7.31,17.32,12.0,443.0,4.0,454.113813,63.86,C,convoyeur,0,False
76.96,15.01,22.2,5.71,5.14,24.0,75.0,9.0,574.215621,63.28,B,compresseur,1,False
89.34,0.38,79.56,1.14,15.48,19.0,689.0,14.0,350.57828,28.6,B,compresseur,0,False
55.77,8.24,40.97,6.95,9.93,11.0,321.0,9.0,343.764228,19.58,C,convoyeur,0,False
64.89,12.03,65.4,9.25,12.23,16.0,398.0,8.0,256.31896,18.49,B,compresseur,0,False
84.05,3.37,44.1,6.49,0.67,4.0,478.0,1.0,236.804552,35.38,A,convoyeur,0,False
78.68,17.8,43.1,7.27,13.98,8.0,107.0,18.0,129.684754,52.2,B,pompe,1,False
85.45,1.64,53.24,3.71,0.79,25.0,599.0,11.0,433.883354,13.12,C,pompe,0,False
82.46,5.07,20.83,4.89,19.95,12.0,436.0,5.0,468.221737,83.24,A,pompe,1,False
51.13,17.52,11.58,4.7,4.47,23.0,219.0,6.0,312.24473,89.91,C,convoyeur,1,False
65.04,14.49,80.06,8.23,3.86,11.0,25.0,16.0,367.626255,95.35,A,compresseur,0,False
66.75,12.9,67.44,3.86,9.81,17.0,268.0,9.0,679.11931,291.48,B,pompe,0,True
49.54,16.37,86.85,1.96,1.89,22.0,5.0,11.0,359.323597,67.7,C,pompe,1,False
86.77,0.42,45.53,2.16,9.8,16.0,20.0,18.0,102.08561,23.71,B,convoyeur,1,False
79.68,17.75,61.03,7.93,16.98,3.0,392.0,18.0,245.425314,76.92,B,convoyeur,0,False
67.35,1.19,86.71,4.93,13.45,0.0,212.0,15.0,711.896486,48.48,A,pompe,0,False
43.43,3.46,83.09,9.39,17.92,7.0,597.0,8.0,714.870774,87.77,C,convoyeur,0,False
72.1,15.31,29.18,2.94,15.16,15.0,336.0,9.0,534.2173,40.16,C,compresseur,0,False
76.19,14.07,88.36,7.99,17.2,6.0,470.0,18.0,92.228716,73.44,C,compresseur,0,False
85.65,11.76,48.32,8.34,21.25,16.0,231.0,14.0,886.337286,97.28,C,compresseur,0,False
94.7,12.51,50.4,9.13,18.02,23.0,257.0,11.0,550.897996,32.7,C,convoyeur,0,False
73.8,1.09,12.39,5.51,5.32,0.0,161.0,7.0,534.771817,76.37,A,compresseur,0,False
66.3,13.94,14.33,1.86,1.53,18.0,708.0,13.0,773.543704,95.6,A,convoyeur,0,False
40.02,9.51,15.5,8.36,20.86,11.0,352.0,17.0,683.255373,24.73,B,compresseur,1,False
57.68,13.09,79.03,8.99,4.18,11.0,335.0,12.0,49.107443,1.61,A,compresseur,0,False
82.82,7.42,26.21,3.88,17.87,2.0,502.0,14.0,478.290419,47.13,B,compresseur,0,False
78.94,13.27,46.02,4.79,11.62,2.0,567.0,16.0,899.411233,94.41,A,convoyeur,0,False
81.72,15.38,44.43,4.72,4.01,10.0,322.0,18.0,743.699181,46.61,B,compresseur,0,False
84.36,3.85,65.58,5.1,8.34,20.0,78.0,8.0,641.22095,12.14,B,pompe,0,False
54.43,14.18,13.6,2.42,20.68,11.0,434.0,15.0,222.129538,85.94,A,compresseur,1,False
40.45,13.42,70.02,7.6,11.55,7.0,5.0,10.0,453.191498,47.54,B,compresseur,0,False
69.03,1.32,47.47,6.18,13.5,25.0,208.0,3.0,408.892255,40.04,C,convoyeur,0,False
65.31,12.05,84.86,3.03,1.14,1.0,45.0,5.0,51.145967,82.69,A,compresseur,0,False
43.22,8.97,83.04,7.42,1.48,19.0,188.0,10.0,287.183629,4.12,B,compresseur,0,False
39.28,15.45,48.81,2.43,1.25,2.0,344.0,5.0,508.918305,52.31,A,convoyeur,0,False
56.38,13.49,26.28,9.39,4.69,14.0,309.0,4.0,544.841293,50.58,A,compresseur,0,False
88.29,15.22,47.93,6.14,17.72,0.0,132.0,9.0,367.816819,66.73,A,compresseur,0,False
49.68,6.23,24.21,5.72,6.49,17.0,447.0,9.0,521.015608,72.25,C,compresseur,0,False
88.98,13.88,69.3,3.31,0.94,18.0,445.0,15.0,317.430006,8.25,B,pompe,0,False
71.96,2.12,76.21,4.66,18.9,15.0,143.0,15.0,554.218554,50.61,C,pompe,0,False
53.2,3.33,85.67,5.71,16.74,20.0,563.0,5.0,529.441467,10.88,A,compresseur,0,False
35.3,5.74,80.75,2.07,11.62,8.0,361.0,17.0,790.932657,75.96,A,convoyeur,0,False
41.0,15.18,69.49,2.13,16.32,21.0,109.0,14.0,877.70534,21.74,A,convoyeur,1,False
86.09,12.33,72.99,8.45,3.62,14.0,506.0,1.0,430.080662,46.93,B,pompe,0,False
75.52,5.25,29.29,8.21,15.59,16.0,249.0,3.0,129.592268,99.01,B,compresseur,0,False
36.77,18.1,43.28,3.26,10.07,0.0,672.0,9.0,738.808761,13.6,B,pompe,0,False
35.67,14.54,47.67,4.89,19.13,18.0,138.0,0.0,479.003428,10.06,B,convoyeur,1,False
48.2,6.56,35.03,7.67,9.98,16.0,264.0,8.0,382.171222,37.35,A,compresseur,0,False
63.44,9.51,49.86,1.38,4.83,22.0,584.0,9.0,474.078867,4.22,A,convoyeur,0,False
86.26,17.56,31.15,4.3,20.73,22.0,356.0,13.0,744.170353,7.52,A,pompe,0,False
89.88,16.21,87.59,2.64,19.02,19.0,531.0,10.0,0.0,42.32,A,pompe,0,False
71.48,11.25,23.48,8.21,21.08,13.0,625.0,7.0,676.030046,62.98,B,convoyeur,1,False
66.44,10.39,49.38,6.94,10.42,8.0,480.0,3.0,169.858571,25.84,A,convoyeur,0,False
50.17,0.55,85.08,8.23,21.88,10.0,612.0,15.0,581.589941,5.21,C,compresseur,0,False
50.69,16.97,56.35,2.82,15.26,17.0,278.0,6.0,0.0,23.84,A,convoyeur,1,False
48.47,10.84,44.05,7.02,6.38,22.0,462.0,15.0,390.320862,38.63,A,pompe,0,False
44.44,1.18,89.07,4.74,12.88,18.0,542.0,9.0,141.283281,74.28,B,compresseur,0,False
60.71,15.4,78.59,3.05,3.37,16.0,692.0,16.0,293.83311,20.65,B,convoyeur,0,False
66.85,5.94,84.49,4.21,21.11,21.0,329.0,2.0,254.89753,64.83,A,pompe,0,False
82.87,2.24,30.32,2.47,10.86,14.0,685.0,9.0,154.866668,36.94,B,pompe,0,False
93.36,1.25,21.98,1.25,14.99,19.0,300.0,5.0,63.854959,51.8,A,compresseur,0,False
85.66,1.5,11.54,1.69,15.91,12.0,704.0,15.0,679.994804,5.65,B,convoyeur,0,False
94.47,8.11,47.7,4.96,9.26,25.0,198.0,14.0,838.88588,36.86,B,pompe,0,False
52.81,15.76,20.46,8.77,9.76,17.0,496.0,7.0,449.257295,75.83,C,pompe,0,False
71.8,15.72,35.49,6.41,9.83,21.0,387.0,13.0,0.0,46.63,B,pompe,0,False
59.79,8.65,14.46,5.33,10.37,14.0,406.0,2.0,343.004918,22.12,C,compresseur,0,False
62.29,11.04,72.7,2.6,8.93,20.0,337.0,5.0,312.589118,77.23,C,compresseur,0,False
44.77,16.55,17.38,5.95,17.05,2.0,651.0,3.0,391.197743,30.81,A,pompe,0,False
42.14,17.55,60.19,5.28,0.74,11.0,107.0,13.0,88.221122,0.73,A,convoyeur,1,False
49.4,5.23,70.37,9.29,4.84,11.0,573.0,7.0,482.897246,95.43,A,convoyeur,0,False
91.35,16.47,32.52,3.38,9.35,23.0,568.0,14.0,747.768305,30.29,A,compresseur,1,False
78.56,3.33,54.21,3.09,14.34,22.0,180.0,4.0,236.93441,5.69,B,compresseur,0,False
44.55,14.38,86.26,6.92,4.44,4.0,206.0,18.0,614.095018,45.24,B,pompe,0,False
69.56,15.49,51.07,2.4,21.06,24.0,115.0,16.0,693.838437,3.75,B,compresseur,1,False
64.17,17.63,42.77,4.22,8.67,18.0,416.0,8.0,77.679584,25.6,C,compresseur,0,False
43.11,0.94,36.2,5.25,3.72,9.0,572.0,0.0,655.397288,76.61,A,convoyeur,0,False
91.94,5.76,22.96,4.3,3.51,20.0,270.0,3.0,445.931341,88.96,A,convoyeur,0,False
60.14,2.39,53.11,8.45,2.83,17.0,564.0,0.0,327.277991,42.13,C,compresseur,0,False
68.77,12.51,49.9,9.17,97.26,17.0,628.0,16.0,625.860941,66.83,C,pompe,0,True
89.29,16.09,36.1,3.44,4.51,12.0,309.0,16.0,424.498142,25.01,B,pompe,1,False
82.79,7.08,60.46,5.59,9.92,23.0,373.0,4.0,478.75932,43.99,A,compresseur,0,False
94.99,7.27,64.2,4.47,18.37,16.0,180.0,2.0,0.0,72.63,A,compresseur,0,False
57.69,8.65,50.4,6.83,11.15,7.0,532.0,9.0,808.089599,52.08,C,convoyeur,0,False
46.21,16.74,49.68,5.69,21.99,1.0,499.0,1.0,679.170233,43.3,B,pompe,0,False
94.81,16.41,79.55,5.21,0.77,10.0,397.0,13.0,683.997621,30.59,A,pompe,0,False
74.21,2.92,68.48,4.45,10.02,20.0,628.0,0.0,97.811744,89.91,A,convoyeur,0,False
52.37,7.33,70.69,2.62,2.94,22.0,256.0,4.0,33.776072,20.0,A,pompe,0,False
64.97,11.07,52.76,1.47,18.93,22.0,141.0,11.0,269.391973,70.55,B,compresseur,0,False
64.62,13.82,58.74,7.85,11.07,8.0,713.0,18.0,719.884596,7.67,B,pompe,0,False
342.42,12.9,67.21,1.28,7.2,2.0,574.0,5.0,706.710892,10.33,C,compresseur,0,True
84.92,7.37,67.95,8.12,3.96,2.0,64.0,17.0,493.624489,84.44,C,pompe,0,False
90.8,7.72,17.9,6.58,2.53,8.0,704.0,3.0,0.0,53.4,C,pompe,0,False
92.9,14.63,28.39,6.17,16.45,8.0,427.0,9.0,132.302042,11.14,A,convoyeur,0,False
74.17,6.24,71.04,7.26,9.3,22.0,295.0,15.0,0.0,61.71,B,convoyeur,0,False
38.76,13.06,22.59,6.15,7.21,23.0,603.0,17.0,253.644188,9.14,B,compresseur,0,False
89.25,14.98,69.72,4.41,14.99,6.0,288.0,10.0,228.380116,74.56,B,compresseur,0,False
47.84,4.57,57.51,9.41,9.3,0.0,603.0,3.0,363.560676,18.74,B,convoyeur,0,False
48.33,2.35,47.04,8.32,9.42,11.0,354.0,12.0,393.461253,84.47,A,compresseur,1,False
78.37,17.48,50.58,8.38,6.31,4.0,95.0,8.0,684.126648,14.21,A,pompe,1,False
54.77,3.59,30.62,5.79,5.94,21.0,646.0,14.0,512.390764,47.17,B,convoyeur,0,False
50.29,2.67,61.62,2.22,14.8,15.0,144.0,13.0,86.530833,36.29,B,compresseur,0,False
40.39,4.93,59.28,1.87,0.52,11.0,639.0,12.0,451.516952,98.58,C,compresseur,0,False
69.88,8.89,57.66,5.19,11.5,22.0,388.0,4.0,786.140386,35.15,C,compresseur,0,False
45.73,2.04,16.66,4.1,11.62,10.0,41.0,4.0,56.245434,26.47,A,pompe,0,False
85.27,16.58,75.72,2.15,21.6,19.0,66.0,18.0,54.151408,43.8,A,compresseur,1,False
81.73,9.24,21.67,0.84,14.41,17.0,408.0,7.0,914.618666,76.21,C,compresseur,1,False
61.68,16.71,60.7,3.87,16.73,0.0,105.0,9.0,776.862218,45.83,B,compresseur,1,False
61.75,7.98,86.63,3.1,20.27,1.0,445.0,4.0,484.775744,35.98,B,convoyeur,0,False
74.47,7.93,82.59,7.26,6.08,4.0,397.0,0.0,688.912821,81.44,A,compresseur,0,False
70.81,6.61,48.57,8.0,11.62,12.0,710.0,2.0,749.95875,31.84,B,pompe,0,False
92.1,18.4,21.27,5.68,11.62,10.0,401.0,11.0,242.982534,55.98,B,convoyeur,0,False
49.52,4.31,73.11,6.14,19.91,3.0,203.0,8.0,341.894739,31.61,A,convoyeur,0,False
61.23,2.24,25.38,4.07,20.35,16.0,223.0,18.0,642.907643,84.07,A,convoyeur,0,False
81.97,18.22,85.83,6.2,0.87,20.0,187.0,3.0,59.699858,71.65,B,pompe,1,False
77.64,9.12,80.75,3.77,17.82,8.0,4.0,5.0,0.0,61.47,A,compresseur,1,False
55.47,10.22,77.64,4.87,1.47,24.0,94.0,8.0,215.189322,41.11,B,pompe,1,False
45.3,10.75,69.4,9.08,15.38,9.0,461.0,13.0,426.786974,85.36,B,convoyeur,0,False
81.7,4.79,43.46,7.91,2.17,25.0,713.0,14.0,910.568953,58.75,B,convoyeur,0,False
81.77,11.04,66.29,6.45,12.89,2.0,547.0,14.0,10.122825,49.55,A,compresseur,0,False
36.42,11.97,23.6,8.48,1.32,3.0,141.0,16.0,845.638905,32.71,C,convoyeur,0,False
53.1,4.24,46.18,4.85,4.97,17.0,585.0,9.0,517.958585,61.19,A,pompe,0,False
57.41,10.73,47.09,4.71,10.14,1.0,274.0,4.0,683.160029,40.89,B,pompe,0,False
77.28,2.19,28.77,2.76,13.33,11.0,86.0,1.0,89.404073,95.07,B,compresseur,0,False
69.68,4.6,52.27,1.67,5.98,6.0,695.0,5.0,419.340414,54.76,A,compresseur,0,False
49.24,1.48,73.83,2.5,21.56,22.0,391.0,10.0,366.140958,8.69,A,pompe,0,False
68.44,15.86,10.65,2.56,14.17,19.0,589.0,5.0,170.307428,43.61,A,convoyeur,0,False
70.56,0.5,49.1,9.41,13.48,0.0,433.0,13.0,519.450071,93.5,C,convoyeur,0,False
39.97,0.63,62.45,3.69,2.83,19.0,543.0,10.0,848.601195,78.93,A,convoyeur,0,False
85.86,7.16,91.43,3.51,17.51,10.0,443.0,7.0,150.826449,5.7,C,convoyeur,0,False
70.51,16.52,25.85,6.32,21.14,13.0,427.0,1.0,260.85112,65.18,B,pompe,1,False
88.19,6.31,33.54,1.05,21.69,9.0,531.0,4.0,383.62515,16.73,C,pompe,0,False
71.06,14.23,17.26,9.28,9.6,4.0,295.0,9.0,255.440024,40.05,B,convoyeur,0,False
49.45,14.14,15.38,8.17,4.53,9.0,278.0,7.0,689.165455,66.48,C,convoyeur,1,False
63.12,16.75,57.77,3.25,20.9,7.0,39.0,6.0,437.911935,47.94,B,compresseur,1,False
65.43,13.01,52.85,3.99,8.46,13.0,622.0,5.0,854.006504,59.82,A,convoyeur,1,False
66.61,13.93,48.73,7.67,21.09,6.0,462.0,14.0,681.891926,54.49,A,convoyeur,0,False
38.02,9.07,74.61,4.41,1.33,24.0,277.0,2.0,793.58753,21.62,A,convoyeur,0,False
60.55,4.93,82.6,2.09,11.97,17.0,299.0,7.0,0.0,83.41,C,pompe,0,False
38.71,9.51,16.24,5.95,1.26,8.0,127.0,50.16,361.789876,0.16,C,pompe,0,True
54.86,8.37,54.52,3.52,13.69,13.0,65.0,27.53,675.201562,60.87,A,convoyeur,0,False
81.54,0.16,34.93,8.72,7.51,24.0,331.0,9.0,125.37204,14.66,C,compresseur,0,False
58.59,8.88,21.91,6.41,1.46,16.0,96.0,15.0,432.832238,54.18,C,convoyeur,1,False
68.1,17.02,76.53,8.8,18.3,10.0,309.0,15.0,0.0,61.73,A,pompe,1,False
46.87,18.41,72.51,3.53,3.77,12.0,304.0,5.0,24.953937,59.86,A,pompe,0,False
72.4,15.97,52.89,1.59,3.48,8.0,84.0,18.0,98.47657,28.38,C,pompe,1,False
69.91,11.52,21.77,5.395,7.86,8.0,294.0,15.0,479.921783,78.69,B,pompe,0,False
75.0,17.32,84.19,7.32,17.02,4.0,131.0,13.0,1021.904422,35.71,C,pompe,1,False
39.22,16.0,21.56,6.04,12.74,22.0,185.0,0.0,380.497524,73.8,C,pompe,0,False
81.91,15.82,84.69,8.01,13.07,22.0,540.0,4.0,472.915559,23.93,A,convoyeur,0,False
68.55,2.36,85.25,6.05,3.69,11.0,694.0,16.0,124.529561,11.69,C,compresseur,0,False
50.25,3.28,89.71,5.91,14.26,24.0,405.0,9.0,746.930339,31.42,B,compresseur,0,False
87.94,16.85,63.25,2.98,20.36,20.0,202.0,9.0,97.183165,62.97,B,compresseur,1,False
65.87,8.72,18.98,5.8,17.45,10.0,369.0,17.0,803.063331,27.39,B,pompe,0,False
44.62,4.81,73.65,4.81,3.33,1.0,257.0,8.0,178.561634,78.74,B,convoyeur,1,False
53.97,4.32,42.6,2.74,4.76,7.0,238.0,17.0,183.179738,78.58,C,compresseur,0,False
43.57,4.46,36.02,3.41,15.22,6.0,197.0,0.0,508.948699,71.24,B,compresseur,0,False
84.67,10.68,16.56,1.42,2.7,16.0,206.0,9.0,445.966039,0.0,A,convoyeur,0,False
69.55,14.67,40.69,8.24,17.52,22.0,524.0,12.0,465.850309,89.99,B,pompe,1,False
67.54,2.04,64.31,5.85,3.36,1.0,485.0,0.0,747.198746,80.24,A,convoyeur,0,False
88.75,14.17,83.36,8.44,11.52,15.0,552.0,17.0,198.435226,58.34,A,compresseur,0,False
43.08,12.28,70.28,6.99,16.07,15.0,228.0,7.0,763.676378,13.89,C,compresseur,1,False
94.17,0.7,90.62,5.11,20.35,0.0,479.0,0.0,789.496297,69.81,B,convoyeur,0,False
45.1,3.27,49.95,2.13,18.58,12.0,442.0,12.0,90.72866,83.47,C,convoyeur,0,False
43.96,9.97,54.67,5.17,19.11,13.0,445.0,17.0,7.33662,96.45,B,pompe,0,False
73.02,8.15,39.16,1.54,19.53,25.0,19.0,15.0,407.608016,210.64,C,compresseur,0,True
37.66,6.04,77.58,3.29,15.63,22.0,314.0,14.0,491.670704,84.89,C,compresseur,0,False
52.73,11.9,13.1,1.68,14.88,10.0,689.0,8.0,172.065783,67.73,A,compresseur,0,False
94.97,5.43,79.35,5.16,4.29,8.0,654.0,7.0,740.573073,13.9,A,convoyeur,0,False
78.2,14.63,58.13,4.04,18.73,7.0,316.0,1.0,63.056666,46.92,C,convoyeur,1,False
44.03,14.02,55.83,5.84,19.42,7.0,345.0,15.0,166.896388,2.86,C,compresseur,0,False
35.26,6.65,65.71,2.71,21.27,24.0,706.0,10.0,152.012628,82.48,A,pompe,0,False
94.67,8.26,48.61,7.79,9.78,153.33,375.0,8.0,785.666085,63.43,B,pompe,0,True
85.16,9.79,75.82,7.26,7.64,25.0,695.0,4.0,738.159788,67.37,A,compresseur,0,False
53.8,15.84,15.02,5.41,16.52,17.0,405.0,14.0,640.896055,47.52,C,convoyeur,1,False
54.15,17.47,21.38,8.11,13.43,22.0,694.0,0.0,845.028989,38.83,C,compresseur,0,False
56.37,3.66,48.48,9.17,14.97,7.0,687.0,1.0,290.363215,85.15,A,convoyeur,0,False
45.2,14.92,50.4,7.05,15.73,12.0,500.0,7.0,650.29239,26.09,C,compresseur,0,False
72.9,14.29,62.01,6.39,9.65,3.0,166.0,17.0,497.921368,43.34,B,convoyeur,0,False
50.1,13.28,42.18,9.38,9.41,24.0,276.0,4.0,819.675017,24.72,C,compresseur,0,False
41.28,8.56,27.32,4.6,2.36,20.0,130.0,1.0,580.998956,66.49,A,convoyeur,1,False
78.01,6.29,21.64,7.87,1.93,10.0,341.0,15.0,743.719533,447.74,A,pompe,0,True
36.07,10.34,46.21,8.81,6.2,9.0,228.0,16.0,841.552728,13.64,A,convoyeur,0,False
45.81,6.6,38.52,3.62,17.25,18.0,392.0,11.0,332.998733,9.56,C,pompe,0,False
36.32,1.7,83.98,9.2,19.52,23.0,716.0,17.0,276.306571,59.44,A,pompe,0,False
74.29,7.51,45.81,3.35,10.98,6.0,131.0,11.0,797.357725,25.77,C,compresseur,0,False
44.03,7.31,15.12,9.29,13.66,15.0,257.0,6.0,217.237013,72.96,A,pompe,0,False
36.49,6.54,63.9,1.02,19.55,0.0,82.0,4.0,130.127143,87.35,B,compresseur,0,False
72.77,15.03,73.32,4.14,15.61,22.0,298.0,4.0,784.319859,55.38,A,compresseur,1,False
67.26,2.0,86.5,5.75,10.5,15.0,202.0,6.0,411.810451,86.96,A,convoyeur,0,False
88.22,11.13,70.58,7.19,12.67,9.0,372.0,9.0,599.526762,56.81,A,compresseur,0,False
86.45,3.91,87.68,9.09,14.76,17.0,352.0,0.0,520.752351,72.49,A,compresseur,0,False
88.02,13.44,71.64,3.02,14.16,8.0,183.0,11.0,663.792004,79.63,C,compresseur,1,False
77.53,0.71,64.47,9.27,0.98,3.0,691.0,0.0,1129.871744,82.34,C,compresseur,0,False
78.87,7.02,52.62,4.32,8.3,14.0,551.0,5.0,260.467964,51.8,B,pompe,0,False
45.81,6.26,71.33,4.15,11.1,23.0,136.0,0.0,538.29563,51.36,C,pompe,0,False
50.7,10.32,80.35,9.19,1.9,9.0,6.0,1.0,547.207139,9.9,C,pompe,0,False
58.93,14.65,10.43,6.47,16.54,20.0,286.0,2.0,801.144883,50.96,A,convoyeur,0,False
78.17,12.41,28.04,7.8,4.08,4.0,310.0,16.0,355.479161,7.16,A,convoyeur,0,False
48.0,8.37,47.2,1.83,13.94,19.0,607.0,15.0,536.836018,4.83,B,compresseur,0,False
65.85,4.51,25.48,8.2,11.7,3.0,435.0,14.0,97.457838,53.69,B,compresseur,0,False
84.55,1.33,33.8,2.69,4.27,5.0,282.0,7.0,420.268478,31.16,B,compresseur,0,False
49.45,5.09,55.42,3.12,11.29,8.0,579.0,9.0,545.879979,73.9,A,pompe,0,False
77.39,16.47,74.26,6.22,9.14,19.0,515.0,3.0,215.221237,59.96,C,convoyeur,0,False
92.86,0.52,13.11,3.95,12.86,5.0,118.0,12.0,693.927269,92.1,C,pompe,0,False
56.63,1.42,80.28,5.38,13.36,22.0,586.0,10.0,80.737489,46.56,B,convoyeur,0,False
72.81,18.09,63.01,7.05,20.27,9.0,497.0,10.0,142.258348,79.59,B,convoyeur,0,False
64.87,12.34,26.85,3.81,9.03,4.0,613.0,3.0,817.001326,47.71,A,convoyeur,0,False
36.01,17.81,79.86,5.47,15.9,9.0,435.0,5.0,540.363736,7.28,A,convoyeur,0,False
70.5,13.01,83.75,2.89,3.96,0.0,11.0,2.0,579.172525,2.88,B,pompe,1,False
68.88,13.36,87.58,5.91,3.86,11.0,697.0,2.0,342.609678,27.1,C,convoyeur,0,False
37.98,1.74,60.67,6.19,9.01,17.0,619.0,8.0,278.661535,4.88,C,compresseur,0,False
68.61,16.87,11.89,5.47,20.42,2.0,278.0,4.0,726.054988,11.45,C,convoyeur,0,False
42.51,7.21,48.21,7.74,12.53,17.0,656.0,18.0,388.41308,92.23,A,pompe,0,False
71.5,12.72,79.46,1.81,18.88,3.0,364.0,17.0,687.884147,41.1,A,convoyeur,0,False
48.39,16.78,41.0,1.97,12.07,6.0,72.0,1.0,422.194604,93.63,C,compresseur,0,False
58.92,0.32,20.66,6.17,2.73,24.0,383.0,9.0,553.498938,36.59,C,pompe,0,False
46.1,3.38,79.42,9.3,11.7,4.0,109.0,9.0,27.407228,78.45,A,pompe,0,False
73.23,14.95,28.37,9.23,7.24,16.0,658.0,3.0,175.477832,49.7,C,convoyeur,0,False
37.01,17.58,89.33,6.9,4.94,21.0,467.0,2.0,107.136991,17.29,B,pompe,0,False
55.0,14.76,91.9,7.59,21.33,19.0,578.0,2.0,13.591903,42.93,C,compresseur,0,False
36.26,12.98,89.25,7.82,6.24,8.0,72.0,17.0,657.513565,9.89,C,pompe,1,False
67.8,7.37,61.9,5.76,11.42,3.0,499.0,18.0,780.572962,51.47,B,compresseur,0,False
76.01,14.72,15.97,7.98,20.15,12.0,182.0,0.0,225.490549,67.58,B,compresseur,0,False
35.65,10.7,78.63,5.5,19.3,6.0,533.0,7.0,338.678601,67.49,A,convoyeur,1,False
83.55,0.34,47.5,5.49,16.3,10.0,9.0,15.0,168.810703,19.71,A,compresseur,0,False
53.06,10.36,68.87,8.12,15.2,2.0,352.0,11.0,480.302005,90.64,B,convoyeur,0,False
79.7,7.39,47.95,4.92,9.58,24.0,560.0,7.0,528.700639,53.41,A,pompe,0,False
79.66,3.18,26.75,7.88,5.58,6.0,547.0,18.0,533.434369,0.5,A,compresseur,0,False
54.76,6.5,31.69,3.88,19.58,5.0,591.0,11.0,683.194785,52.85,C,pompe,0,False
39.51,9.2,82.89,5.69,13.55,9.0,120.0,16.0,606.038291,53.6,A,compresseur,0,False
84.9,15.59,60.62,7.49,14.99,25.0,352.0,0.0,374.593877,53.55,A,compresseur,0,False
91.31,6.74,39.04,1.67,6.14,15.0,501.0,3.0,733.680625,86.27,B,pompe,1,False
68.94,13.69,80.57,1.32,16.54,1.0,208.0,0.0,723.687938,94.26,B,compresseur,0,False
44.43,13.63,59.42,9.31,10.67,10.0,624.0,8.0,530.798851,73.53,C,compresseur,0,False
47.47,0.7,66.2,4.58,11.42,19.0,201.0,3.0,210.861025,17.88,C,convoyeur,0,False
89.88,17.2,91.99,6.72,13.79,7.0,352.0,9.0,537.981621,16.73,A,compresseur,1,False
68.95,13.11,33.41,7.07,21.75,2.0,238.0,17.0,335.718523,52.77,B,pompe,0,False
44.52,15.06,88.7,3.0,19.33,21.0,217.0,16.0,864.653313,57.79,B,pompe,0,False
50.05,4.04,11.52,5.24,14.14,12.0,94.0,10.0,584.009584,51.78,A,compresseur,0,False
42.63,2.72,60.9,1.49,18.38,3.0,496.0,6.0,413.608572,36.67,B,compresseur,0,False
92.37,12.09,14.03,5.11,12.44,3.0,295.0,5.0,495.304009,86.65,A,convoyeur,0,False
77.05,15.35,44.0,2.09,18.33,23.0,21.0,13.0,103.92466,17.7,C,compresseur,1,False
51.02,0.3,49.9,2.78,20.71,2.0,278.0,3.0,558.399466,56.61,A,convoyeur,0,False
75.19,11.82,57.76,3.26,21.94,2.0,209.0,8.0,0.0,59.0,C,compresseur,0,False
63.9,9.51,46.13,2.84,16.93,2.0,155.0,4.0,384.54125,43.91,A,compresseur,1,False
88.75,10.65,32.0,4.17,7.8,23.0,196.0,2.0,779.424266,34.57,A,pompe,0,False
90.7,5.69,47.87,4.28,5.23,12.0,436.0,7.0,214.474978,90.26,B,pompe,0,False
77.64,5.4,80.78,9.05,11.62,25.0,143.0,18.0,189.288876,6.1,B,compresseur,0,False
79.39,18.26,87.74,1.67,15.88,18.0,519.0,14.0,657.116145,84.56,C,convoyeur,0,False
87.62,15.79,12.13,8.38,19.16,22.0,558.0,12.0,639.491648,53.94,A,pompe,0,False
72.01,14.77,21.22,4.4,5.51,21.0,106.0,7.0,588.009081,10.27,C,compresseur,0,False
92.31,2.07,61.65,3.48,10.32,11.0,408.0,3.0,865.037425,10.02,A,pompe,1,False
56.28,1.35,39.02,5.01,3.54,12.0,185.0,17.0,462.80128,98.02,B,compresseur,0,False
71.56,12.06,60.89,8.08,21.12,9.0,110.0,10.0,609.948953,96.96,C,convoyeur,0,False
73.66,11.95,57.24,2.66,1.74,10.0,624.0,1.0,613.470934,77.81,C,compresseur,0,False
67.36,2.13,12.45,3.16,19.95,4.0,172.0,3.0,678.40488,7.83,B,compresseur,0,False
78.3,7.08,75.28,8.15,17.19,5.0,390.0,16.0,743.418746,97.98,B,compresseur,0,False
89.42,15.64,38.78,5.11,2.65,22.0,369.0,17.0,648.303976,75.42,C,convoyeur,1,False
46.69,0.76,32.39,8.94,13.3,2.0,147.0,10.0,282.472077,75.46,C,convoyeur,0,False
36.04,4.74,10.86,9.27,8.57,11.0,569.0,0.0,230.383695,65.46,B,convoyeur,0,False
87.99,14.79,91.88,4.05,13.72,2.0,303.0,11.0,340.173352,89.01,B,compresseur,1,False
83.58,4.37,49.97,5.43,20.51,6.0,219.0,0.0,595.901725,76.05,C,compresseur,0,False
35.94,17.55,20.65,5.53,7.88,20.0,622.0,2.0,316.96566,75.98,B,pompe,0,False
93.18,4.54,76.6,1.34,12.57,14.0,552.0,10.0,826.459494,46.8,B,compresseur,0,False
91.84,6.57,78.65,4.13,12.36,2.0,714.0,3.0,131.795358,37.92,B,pompe,0,False
80.44,11.17,48.7,8.77,19.52,3.0,202.0,3.0,310.639795,97.59,A,pompe,1,False
77.15,18.17,82.22,5.82,18.15,21.0,694.0,16.0,0.0,89.56,C,compresseur,1,False
36.57,0.28,57.17,4.68,2.05,20.0,536.0,3.0,676.386298,15.22,C,pompe,0,False
59.78,10.89,82.86,8.42,21.43,0.0,370.0,10.0,130.503992,71.09,C,compresseur,0,False
56.22,4.89,45.84,2.24,17.15,2.0,543.0,15.0,380.639232,28.35,B,compresseur,0,False
59.2,11.44,19.41,2.71,5.22,22.0,15.0,7.0,497.425889,35.09,B,pompe,0,False
38.52,8.52,33.62,5.28,14.38,22.0,481.0,1.0,315.647883,80.89,C,pompe,1,False
57.96,9.92,61.38,4.38,6.22,15.0,656.0,17.0,187.924701,10.71,C,convoyeur,0,False
53.0,12.92,20.04,1.27,0.53,15.0,230.0,13.0,915.761478,84.35,C,pompe,1,False
82.74,9.64,84.03,5.13,1.71,24.0,14.0,7.0,301.216495,72.37,A,pompe,0,False
49.81,14.89,22.21,9.49,16.62,5.0,487.0,3.0,497.970101,74.45,B,compresseur,0,False
41.08,2.29,83.23,4.96,15.28,19.0,303.0,5.0,0.0,60.14,A,compresseur,0,False
45.09,17.52,31.89,7.84,14.5,25.0,401.0,4.0,132.381391,49.31,A,convoyeur,0,False
76.36,11.71,91.07,4.89,1.31,7.0,346.0,8.0,839.72632,19.3,A,compresseur,0,False
58.06,5.63,89.64,7.57,4.48,3.0,628.0,17.0,196.924534,17.73,A,convoyeur,0,False
60.41,13.55,79.1,4.64,9.79,16.0,315.0,11.0,801.501027,70.53,C,convoyeur,0,False
50.11,9.1,80.35,5.04,1.49,7.0,486.0,4.0,598.881186,0.82,C,compresseur,0,False
46.66,12.43,82.36,6.43,3.46,2.0,424.0,9.0,1115.274557,43.8,B,compresseur,0,False
48.34,7.2,71.83,1.8,3.28,6.0,554.0,13.0,116.348944,61.39,B,convoyeur,0,False
75.4,5.93,44.58,9.06,20.15,14.0,114.0,13.0,437.739802,71.49,A,pompe,0,False
50.07,4.83,41.56,5.34,4.56,6.0,45.0,3.0,744.655594,24.82,A,pompe,0,False
67.41,9.51,23.03,3.09,2.1,16.0,242.0,10.0,409.634058,15.7,C,pompe,0,False
58.03,3.07,47.88,8.15,12.64,21.0,350.0,5.0,650.985068,38.76,B,compresseur,0,False
54.76,2.35,27.34,8.93,4.13,3.0,562.0,6.0,642.156745,73.67,B,convoyeur,0,False
47.26,17.32,28.72,5.63,5.67,10.0,93.0,0.0,213.678353,74.77,B,pompe,0,False
54.45,10.93,37.2,1.06,15.27,24.0,142.0,5.0,294.641196,72.14,A,compresseur,1,False
47.8,13.29,35.72,2.2,13.84,23.0,164.0,8.0,611.760563,53.18,A,convoyeur,0,False
57.77,4.3,66.94,8.55,4.34,14.0,77.0,2.0,764.337025,61.53,B,compresseur,0,False
48.23,16.07,34.84,8.27,5.11,9.0,724.0,5.0,776.050963,25.39,C,pompe,1,False
59.94,2.93,45.89,8.62,3.35,25.0,174.0,0.0,16.235525,31.29,A,convoyeur,0,False
51.17,3.8,12.39,3.93,13.87,24.0,270.0,6.0,559.791768,67.75,C,compresseur,0,False
54.41,6.02,51.71,7.67,12.47,2.0,601.0,17.0,264.200741,30.54,B,convoyeur,0,False
86.85,15.96,37.56,6.5,7.82,8.0,250.0,15.0,0.0,35.41,A,convoyeur,1,False
48.01,17.39,80.17,2.51,6.55,24.0,345.0,5.0,88.851192,62.76,A,pompe,0,False
90.16,0.31,10.86,7.46,16.16,16.0,290.0,7.0,168.980038,3.73,C,compresseur,0,False
78.69,5.36,27.92,9.35,4.68,17.0,142.0,6.0,424.900528,34.46,A,compresseur,0,False
76.39,12.1,88.25,3.81,10.49,8.0,22.0,0.0,68.1403,73.26,B,convoyeur,0,False
48.9,5.07,89.94,6.16,13.77,18.0,697.0,7.0,713.354041,97.99,B,compresseur,0,False
44.26,12.81,40.2,7.15,14.35,5.0,166.0,1.0,527.261089,28.98,C,convoyeur,0,False
60.35,4.59,11.16,8.43,1.23,6.0,350.0,16.0,0.0,21.89,C,pompe,0,False
68.11,5.92,51.67,8.09,7.22,6.0,125.0,2.0,503.47155,26.68,B,pompe,0,False
86.34,13.42,77.47,3.92,10.02,23.0,370.0,5.0,310.934593,79.65,A,pompe,0,False
77.53,15.52,68.76,8.86,15.68,18.0,9.0,3.0,528.821799,11.12,B,pompe,1,False
90.89,7.72,47.49,8.44,14.47,2.0,194.0,2.0,719.899097,27.94,C,compresseur,1,False
94.14,17.2,19.86,7.62,1.32,25.0,641.0,13.0,376.836719,88.7,B,convoyeur,1,False
68.9,4.29,30.26,2.94,17.21,15.0,26.0,18.0,872.695011,30.08,A,pompe,0,False
88.37,5.78,49.38,4.56,7.19,6.0,322.0,11.0,648.344602,51.53,B,compresseur,0,False
56.82,10.26,26.55,7.96,8.19,9.0,268.0,11.0,226.036212,73.03,C,pompe,0,False
72.83,3.19,78.97,3.95,10.0,4.0,97.0,9.0,525.981854,72.1,B,pompe,0,False
52.77,2.4,26.72,4.12,7.17,8.0,570.0,4.0,341.656801,12.07,A,pompe,0,False
77.75,9.13,75.54,8.81,12.21,7.0,59.0,4.0,741.500833,84.43,B,compresseur,1,False
91.18,14.72,69.39,0.81,13.65,4.0,708.0,12.0,627.43648,99.64,C,pompe,1,False
71.85,9.58,41.88,7.6,9.09,14.0,758.32,15.0,845.611872,45.9,C,pompe,0,False
74.84,15.66,27.82,8.96,9.72,9.0,131.0,2.0,439.997395,87.41,A,compresseur,1,False
59.41,4.0,59.3,8.51,15.33,23.0,14.0,11.0,677.328177,58.11,A,convoyeur,0,False
75.35,11.06,13.53,8.17,18.09,2.0,635.0,12.0,845.841826,39.27,C,pompe,0,False
69.66,3.33,63.91,4.84,21.39,0.0,85.0,17.0,91.672923,42.89,A,convoyeur,0,False
53.45,16.15,60.34,7.42,14.03,14.0,18.0,16.0,476.808162,91.85,B,compresseur,1,False
64.92,10.49,61.34,6.21,8.22,15.0,88.0,1.0,515.286859,53.38,A,pompe,0,False
84.93,6.51,78.65,3.34,11.91,19.0,462.0,7.0,778.32758,45.96,C,convoyeur,0,False
50.9,1.16,46.2,6.05,3.28,16.0,147.0,10.0,612.9125,81.28,C,convoyeur,0,False
88.47,4.07,83.46,4.37,15.03,0.0,380.0,5.0,622.76662,13.17,B,convoyeur,0,False
70.21,11.47,24.8,9.22,7.98,3.0,369.0,1.0,602.087872,57.98,C,convoyeur,0,False
56.55,17.06,20.39,5.34,17.02,25.0,357.0,7.0,788.493258,63.91,B,convoyeur,0,False
70.03,4.34,72.68,6.52,14.26,19.0,136.0,9.0,662.065947,70.46,A,pompe,0,False
73.6,4.13,72.7,8.31,19.4,18.0,700.0,8.0,791.729485,6.36,C,compresseur,0,False
72.4,7.61,70.79,4.37,2.57,20.0,708.0,12.0,858.241962,51.46,C,convoyeur,0,False
84.36,7.71,80.47,6.12,13.69,24.0,82.0,6.0,295.610481,79.18,A,compresseur,0,False
54.87,15.2,49.94,6.74,17.62,3.0,674.0,12.0,0.0,14.61,A,convoyeur,0,False
71.3,13.25,50.4,5.11,2.76,17.0,484.0,7.0,158.00191,16.15,B,compresseur,0,False
41.04,13.47,87.02,7.85,13.87,9.0,302.0,5.0,615.529838,84.77,B,compresseur,0,False
62.95,4.8,15.68,7.59,21.4,22.0,193.0,14.0,375.286066,73.22,B,pompe,0,False
94.04,3.37,61.12,1.17,18.42,19.0,25.0,4.0,122.451318,23.9,B,convoyeur,0,False
65.72,14.56,56.27,7.42,3.65,3.0,406.0,9.0,581.325929,63.38,B,compresseur,1,False
86.27,5.05,87.08,9.41,15.22,0.0,33.0,10.0,287.592721,89.83,B,pompe,0,False
63.66,4.17,75.5,3.15,3.48,23.0,24.0,7.0,216.327333,94.9,B,compresseur,0,False
80.04,1.83,88.29,1.46,3.52,5.0,363.0,0.0,59.945988,58.98,C,compresseur,0,False
92.73,13.6,34.89,7.72,9.91,11.0,248.0,6.0,370.614387,36.93,A,convoyeur,1,False
58.2,16.48,50.27,4.7,19.18,5.0,315.0,8.0,720.815145,90.74,C,pompe,1,False
55.25,6.74,49.69,3.06,2.17,2.0,711.0,7.0,249.70267,21.94,A,compresseur,0,False
44.28,8.6,52.68,1.46,17.16,17.0,531.0,8.0,482.210285,78.74,C,compresseur,0,False
53.29,6.71,81.07,3.56,7.4,16.0,556.0,12.0,236.389858,55.64,A,convoyeur,0,False
90.93,4.4,19.77,6.57,14.72,11.0,527.0,10.0,43.541168,51.8,A,pompe,0,False
70.23,13.59,57.94,6.63,9.94,23.0,460.0,7.0,0.0,21.53,C,pompe,0,False
59.91,5.43,62.53,4.54,21.98,3.0,549.0,14.0,517.249898,80.17,B,convoyeur,0,False
61.63,17.9,70.38,1.83,5.06,25.0,535.0,9.0,192.172702,25.93,C,convoyeur,0,False
74.26,5.03,39.35,3.75,10.3,0.0,590.0,4.0,716.001933,25.87,C,pompe,0,False
70.85,10.6,86.46,5.92,3.94,9.0,160.0,13.0,0.0,2.32,C,pompe,0,False
54.22,6.24,26.49,1.99,8.67,9.0,435.0,2.0,298.586272,71.4,A,compresseur,0,False
43.87,9.84,18.97,5.46,7.54,19.0,8.0,15.0,213.934263,81.89,C,convoyeur,0,False
54.13,3.52,47.7,4.65,11.62,16.0,641.0,0.0,515.916214,81.55,C,pompe,0,False
50.81,16.18,83.6,3.24,1.02,19.0,451.0,4.0,696.521273,53.88,A,pompe,0,False
84.68,1.42,73.39,4.48,8.1,11.0,89.0,6.0,137.592677,2.57,A,compresseur,0,False
60.49,55.72,24.41,5.72,17.99,25.0,138.0,4.0,378.899303,77.09,C,compresseur,0,True
51.52,3.38,89.74,5.36,6.71,23.0,635.0,3.0,183.0824,49.34,A,convoyeur,0,False
77.35,1.66,74.05,5.09,12.33,9.0,30.0,10.0,617.238684,8.19,A,pompe,0,False
74.92,18.11,23.53,8.96,11.4,22.0,70.0,5.0,463.724951,91.76,B,compresseur,0,False
83.92,7.48,20.65,2.2,4.07,13.0,346.0,6.0,183.041877,62.69,C,pompe,0,False
77.14,12.88,49.77,7.46,8.4,2.0,472.0,9.0,205.300865,83.94,B,convoyeur,0,False
52.21,13.62,51.97,2.95,13.24,12.0,373.0,14.0,230.224723,47.84,C,convoyeur,1,False
62.18,0.39,53.7,3.03,19.92,0.0,231.0,5.0,216.071115,79.56,A,pompe,1,False
69.46,16.8,12.11,6.48,6.36,25.0,430.0,5.0,762.456404,42.54,A,compresseur,0,False
84.54,7.18,65.05,6.38,5.85,22.0,396.0,6.0,543.918677,23.42,B,compresseur,0,False
35.47,18.38,65.3,8.82,14.47,1.0,148.0,16.0,461.682058,34.12,B,convoyeur,1,False
61.88,16.81,48.97,1.95,3.15,4.0,165.0,13.0,831.747869,65.26,B,pompe,0,False
58.97,13.38,56.05,3.46,20.8,17.0,69.0,4.0,745.574566,5.53,A,pompe,0,False
63.56,15.05,84.29,4.14,13.98,25.0,167.0,18.0,626.838177,76.43,A,convoyeur,0,False
52.48,18.48,74.67,5.21,19.09,11.0,697.0,3.0,208.040487,51.8,C,convoyeur,1,False
94.68,17.24,42.06,4.15,1.91,5.0,541.0,8.0,230.306278,63.03,C,convoyeur,0,False
81.11,9.44,80.67,2.15,21.09,11.0,668.0,13.0,53.431326,84.58,B,compresseur,0,False
72.58,9.05,46.68,2.08,14.99,23.0,436.0,9.0,45.573336,58.6,C,compresseur,1,False
90.7,11.21,22.72,5.9,12.34,9.0,409.0,12.0,490.207375,78.28,C,convoyeur,1,False
66.85,21.97,90.8,3.19,8.46,18.0,710.0,4.0,321.989113,66.98,C,compresseur,0,False
75.72,8.54,27.21,4.6,21.32,19.0,155.0,8.0,660.540399,99.14,A,compresseur,0,False
67.77,3.85,85.14,1.57,13.77,1.0,552.0,16.0,16.559017,71.68,C,convoyeur,0,False
90.93,6.88,15.1,5.83,21.09,17.0,452.0,3.0,100.31605,0.8,B,pompe,1,False
77.0,3.0,52.48,6.33,6.21,21.0,547.0,10.0,0.0,19.35,C,compresseur,0,False
64.16,10.05,52.69,6.16,11.55,17.0,181.0,7.0,86.090326,36.79,A,pompe,0,False
48.88,0.93,51.97,2.0,13.35,23.0,693.0,18.0,386.468202,0.03,C,pompe,0,False
49.34,17.68,43.27,2.16,21.78,13.0,538.0,16.0,858.543195,55.16,B,compresseur,0,False
67.42,13.94,76.42,5.93,9.88,16.0,521.0,16.0,640.193676,44.99,C,pompe,0,False
71.19,17.55,73.95,8.6,21.05,12.0,615.0,7.0,780.919499,69.41,C,convoyeur,0,False
38.51,17.36,60.39,7.04,3.86,17.0,173.0,5.0,161.779215,71.89,C,convoyeur,1,False
52.78,1.65,73.85,6.23,21.59,15.0,456.0,6.0,159.356318,16.56,C,convoyeur,0,False
77.22,8.07,57.85,5.395,3.41,23.0,329.0,6.0,953.332532,40.33,C,pompe,0,False
38.9,14.49,22.12,6.99,5.41,16.0,31.0,7.0,287.520996,30.21,C,pompe,0,False
93.77,1.7,79.05,3.06,18.36,13.0,508.0,13.0,237.465121,9.06,A,pompe,0,False
90.05,7.29,88.95,9.18,12.34,11.0,197.0,13.0,165.140761,62.89,A,pompe,0,False
81.6,9.22,14.91,5.68,13.53,23.0,693.0,16.0,619.671169,69.47,B,convoyeur,0,False
51.68,13.39,73.25,3.72,21.37,8.0,330.0,5.0,246.82611,97.56,C,convoyeur,0,False
77.04,12.78,58.28,6.31,17.9,25.0,423.0,4.0,939.710385,42.72,B,pompe,0,False
41.0,3.7,52.11,2.05,21.25,6.0,444.0,2.0,570.516279,47.44,B,convoyeur,0,False
79.98,8.46,89.63,7.15,3.46,11.0,439.0,5.0,765.658207,91.37,C,compresseur,0,False
62.89,3.14,68.41,1.89,4.45,13.0,450.0,7.0,332.224792,55.0,B,pompe,0,False
84.69,6.25,26.41,5.97,8.83,18.0,199.0,17.0,0.0,60.02,A,convoyeur,0,False
92.33,18.48,81.05,7.12,14.26,16.0,674.0,2.0,875.853225,67.24,A,convoyeur,1,False
79.67,10.07,46.16,2.0,19.61,17.0,469.0,4.0,461.892913,15.55,A,pompe,0,False
53.31,5.7,55.12,6.19,8.96,2.0,315.0,0.0,222.201696,9.77,C,convoyeur,0,False
57.93,2.48,74.13,5.38,8.68,7.0,352.0,2.0,16.310574,31.27,B,convoyeur,0,False
72.95,3.19,72.26,8.03,6.69,16.0,662.0,17.0,290.913995,11.9,A,convoyeur,0,False
37.31,12.85,64.72,7.9,17.21,20.0,528.0,1.0,159.624382,34.38,C,convoyeur,0,False
47.13,9.57,82.31,1.29,14.17,21.0,575.0,16.0,313.50953,1.61,C,compresseur,0,False
81.66,10.67,39.1,3.45,17.82,17.0,100.0,2.0,350.84818,23.32,B,compresseur,1,False
61.94,0.79,77.14,7.06,7.74,7.0,358.0,15.0,314.113262,47.39,A,pompe,0,False
74.62,7.82,29.11,5.87,18.73,11.0,346.0,2.0,27.295496,57.33,B,pompe,0,False
67.0,18.0,18.08,2.3,13.61,16.0,109.0,16.0,500.153527,55.35,B,compresseur,1,False
68.97,1.58,44.93,3.83,18.3,0.0,374.0,11.0,477.264865,9.7,C,compresseur,0,False
55.5,15.26,48.23,53.49,21.06,3.0,713.0,16.0,621.501213,10.92,A,convoyeur,0,True
75.6,3.48,66.71,3.7,7.26,1.0,521.0,13.0,690.609648,23.83,A,convoyeur,0,False
65.44,1.95,29.27,6.5,12.35,19.0,72.0,8.0,696.135498,81.24,B,convoyeur,1,False
93.42,5.76,31.08,3.62,2.51,23.0,517.0,2.0,647.180585,85.08,B,pompe,0,False
48.23,17.46,90.68,2.98,20.73,16.0,280.0,11.0,294.859003,53.37,C,convoyeur,0,False
75.91,14.4,29.7,2.82,2.93,18.0,592.0,10.0,416.376571,86.93,B,convoyeur,0,False
83.57,1.8,15.97,7.24,10.08,25.0,676.0,11.0,239.906141,55.29,B,pompe,0,False
81.95,6.64,64.13,7.5,14.53,24.0,540.0,2.0,882.426764,3.04,C,convoyeur,0,False
70.88,3.02,74.01,5.395,14.05,0.0,533.0,8.0,707.443061,20.02,A,pompe,0,False
42.41,10.01,90.46,5.58,4.51,10.0,162.0,2.0,741.867114,68.6,A,pompe,0,False
80.11,4.22,11.04,3.59,12.88,22.0,383.0,11.0,211.667565,6.89,B,compresseur,0,False
49.4,16.57,28.62,2.5,21.4,12.0,642.0,2.0,684.760487,5.39,A,pompe,0,False
56.39,2.2,44.88,8.81,7.22,11.0,339.0,17.0,822.628455,12.9,C,pompe,0,False
35.91,13.04,38.32,8.11,17.29,12.0,417.0,2.0,552.547594,90.68,C,convoyeur,0,False
65.88,13.71,42.3,1.01,3.89,4.0,551.0,12.0,238.717458,95.32,C,compresseur,0,False
81.74,7.21,53.61,1.54,16.97,8.0,396.0,8.0,41.848868,81.37,A,convoyeur,0,False
66.85,10.8,29.25,6.49,11.69,18.0,448.0,1.0,463.011202,76.87,C,compresseur,0,False
93.15,15.26,14.52,6.34,13.41,24.0,376.0,17.0,347.174047,22.98,A,pompe,0,False
87.36,5.29,88.84,5.97,2.02,8.0,382.0,4.0,338.753134,51.6,C,convoyeur,0,False
56.25,0.7,38.58,5.07,7.92,15.0,427.0,3.0,777.028035,7.55,A,compresseur,0,False
37.24,15.34,80.07,6.68,0.85,25.0,471.0,13.0,187.95617,53.61,C,convoyeur,0,False
70.79,7.79,35.81,4.86,21.05,6.0,709.0,1.0,142.504164,31.82,B,convoyeur,0,False
44.21,4.68,21.22,2.55,20.37,1.0,27.0,5.0,511.02038,98.12,B,compresseur,1,False
87.87,10.61,66.55,8.96,10.96,16.0,336.0,14.0,106.884949,23.53,A,compresseur,0,False
76.36,15.04,15.56,8.95,9.32,10.0,16.0,1.0,193.778873,39.12,C,compresseur,1,False
69.85,13.3,23.23,8.82,20.69,25.0,341.0,10.0,205.689142,41.57,A,convoyeur,0,False
90.53,1.68,64.18,7.44,14.91,21.0,116.0,3.0,628.961504,91.52,C,pompe,0,False
52.41,13.55,79.55,4.55,6.84,1.0,608.0,14.0,483.360419,52.33,B,compresseur,0,False
85.88,17.15,51.05,8.82,17.57,13.0,523.0,2.0,538.379396,80.69,C,convoyeur,1,False
76.25,7.56,28.55,1.93,9.99,4.0,482.0,12.0,753.285695,21.41,C,convoyeur,0,False
62.29,15.28,34.71,3.31,4.29,5.0,370.0,11.0,922.67652,26.84,A,pompe,1,False
77.2,6.54,10.2,2.86,1.23,21.0,232.0,17.0,307.108587,50.6,B,pompe,0,False
57.61,12.71,34.96,1.13,9.81,25.0,717.0,13.0,744.703127,20.43,A,convoyeur,0,False
85.7,1.79,43.69,6.84,19.22,12.0,612.0,0.0,306.204503,16.32,B,compresseur,0,False
71.55,3.96,46.36,7.24,7.42,13.0,389.0,1.0,577.04551,30.07,B,compresseur,0,False
88.27,0.5,43.33,2.58,18.23,2.0,273.0,1.0,346.555121,6.09,A,compresseur,1,False
92.87,13.32,63.7,9.03,21.7,17.0,109.0,12.0,350.0175,93.37,C,compresseur,0,False
65.8,11.39,47.44,9.09,21.66,5.0,453.0,18.0,150.2295,69.25,A,compresseur,0,False
59.09,4.02,30.75,4.22,20.69,25.0,407.0,14.0,688.31047,80.87,C,pompe,1,False
55.6,1.02,11.99,4.13,3.37,6.0,463.0,16.0,359.159586,88.19,C,compresseur,0,False
88.91,11.91,55.84,4.24,13.11,5.0,403.0,1.0,550.913674,33.88,B,convoyeur,0,False
35.44,17.74,40.02,1.25,11.19,25.0,240.0,4.0,666.605008,16.67,C,convoyeur,1,False
59.24,6.26,82.5,6.89,10.95,8.0,82.0,18.0,344.653848,13.78,A,compresseur,0,False
65.58,5.33,90.34,4.73,11.37,6.0,616.0,5.0,501.717954,79.18,C,compresseur,0,False
84.68,16.36,85.17,2.88,10.04,15.0,248.0,11.0,563.130369,29.51,A,pompe,1,False
84.38,3.64,30.32,7.97,5.85,24.0,339.0,4.0,25.589399,84.38,B,convoyeur,0,False
67.01,17.97,60.64,5.02,14.76,22.0,183.0,16.0,422.552431,67.86,A,compresseur,1,False
82.85,7.14,76.4,4.85,13.67,17.0,338.0,8.0,811.767919,68.94,A,convoyeur,0,False
86.29,18.27,78.78,7.86,20.74,6.0,470.0,6.0,401.069792,65.35,A,pompe,1,False
77.47,18.41,52.63,1.54,11.28,2.0,323.0,4.0,417.992411,3.82,C,compresseur,1,False
52.22,10.76,10.3,1.13,17.92,11.0,499.0,1.0,650.333928,83.08,A,pompe,0,False
92.2,4.54,38.41,3.62,7.4,18.0,235.0,9.0,429.573839,18.01,C,convoyeur,0,False
57.21,46.23,45.83,8.78,7.3,18.0,236.0,7.0,551.04271,51.8,B,compresseur,0,True
85.39,9.89,16.71,5.59,9.99,14.0,251.0,16.0,596.514646,37.58,A,compresseur,0,False
57.98,2.91,16.28,5.44,17.53,5.0,338.0,0.0,374.350151,87.05,A,compresseur,0,False
88.92,1.61,50.47,5.49,15.91,0.0,534.0,15.0,205.886448,70.52,C,convoyeur,0,False
57.39,5.01,76.62,4.75,6.41,23.0,177.0,3.0,777.166181,41.32,C,pompe,0,False
52.74,5.12,50.4,8.65,17.3,13.0,587.0,8.0,115.55143,89.46,A,compresseur,0,False
42.09,12.06,23.45,7.95,15.34,6.0,351.0,6.0,76.499122,56.11,C,pompe,1,False
79.33,6.86,65.39,8.08,4.63,7.0,126.0,18.0,229.234682,63.78,C,compresseur,1,False
54.32,2.15,63.86,1.87,21.86,12.0,301.0,4.0,209.774557,93.24,B,convoyeur,0,False
83.93,17.98,50.46,3.28,13.36,23.0,582.0,13.0,117.963702,93.22,B,compresseur,0,False
88.6,10.34,56.46,7.51,4.07,22.0,88.0,10.0,882.380764,10.61,B,compresseur,1,False
64.26,16.62,45.5,5.85,10.27,6.0,594.0,14.0,728.085401,79.89,C,convoyeur,1,False
70.77,18.41,88.69,7.6,18.73,0.0,665.0,13.0,545.614449,84.34,B,convoyeur,0,False
39.53,9.47,81.24,4.6,3.66,13.0,612.0,2.0,310.746446,2.4,C,convoyeur,0,False
89.91,7.39,62.64,1.62,17.88,20.0,718.0,3.0,122.494297,2.75,C,pompe,0,False
84.9,8.83,19.08,6.03,19.55,3.0,24.0,0.0,195.537413,41.42,C,convoyeur,0,False
79.31,4.03,24.05,2.9,13.49,12.0,121.0,13.0,113.829171,76.8,B,pompe,0,False
36.64,12.42,82.85,7.4,18.36,17.0,154.0,8.0,291.149393,93.73,B,convoyeur,0,False
43.21,4.94,19.34,1.81,4.33,20.0,89.0,11.0,676.090502,82.44,A,compresseur,0,False
81.12,10.35,85.71,5.23,14.22,19.0,187.0,10.0,249.883059,51.07,C,convoyeur,0,False
81.63,2.34,50.56,6.82,15.16,21.0,559.0,18.0,233.091355,26.73,B,compresseur,0,False
72.8,14.52,62.5,3.39,5.87,11.0,179.0,12.0,568.242419,94.56,C,pompe,0,False
70.66,17.32,63.84,4.56,18.13,18.0,313.0,13.0,802.758511,14.87,C,convoyeur,1,False
47.31,1.52,28.79,7.23,8.94,15.0,478.0,12.0,696.632162,25.6,C,convoyeur,0,False
65.48,13.77,33.48,1.48,15.03,5.0,270.0,11.0,561.141154,83.86,A,pompe,0,False
68.36,15.9,63.22,4.41,14.15,1.0,57.0,10.0,467.711966,93.79,B,convoyeur,0,False
77.59,17.84,39.12,5.62,4.22,12.0,636.0,14.0,146.687803,92.0,C,compresseur,0,False
42.19,12.72,20.34,3.12,16.89,24.0,148.0,3.0,241.607016,82.49,C,pompe,0,False
72.29,5.67,28.83,5.58,19.18,12.0,16.0,11.0,670.506141,76.1,A,compresseur,0,False
80.95,0.52,73.68,6.5,10.82,11.0,239.0,11.0,545.525242,46.3,A,pompe,0,False
40.71,10.29,21.11,7.98,5.25,3.0,193.0,10.0,605.220484,15.9,C,pompe,0,False
82.13,2.77,26.36,4.29,7.62,16.0,509.0,4.0,230.356713,98.96,C,pompe,0,False
41.74,0.97,91.37,7.03,1.77,0.0,401.0,3.0,500.824027,76.62,C,compresseur,0,False
79.84,7.82,73.39,2.14,14.36,15.0,297.0,9.0,685.116501,11.7,A,convoyeur,0,False
79.18,5.32,61.26,3.39,20.95,12.0,691.0,7.0,727.526118,69.25,B,convoyeur,0,False
84.71,2.84,68.01,7.7,21.15,1.0,256.0,0.0,26.872551,84.43,B,convoyeur,0,False
43.22,6.75,17.61,6.45,6.66,2.0,580.0,2.0,356.443439,86.23,C,pompe,0,False
35.63,14.58,42.0,7.44,10.68,13.0,488.0,16.0,466.190645,35.94,B,pompe,0,False
75.24,8.04,88.44,6.68,5.41,20.0,470.0,0.0,317.400781,86.67,C,compresseur,0,False
94.34,5.3,27.33,5.32,12.15,10.0,80.0,16.0,717.123638,74.32,A,pompe,0,False
46.38,12.06,38.91,8.13,12.87,19.0,380.0,8.0,332.280696,78.91,A,compresseur,1,False
50.18,13.87,15.07,5.85,18.65,9.0,240.0,0.0,575.08983,45.32,B,compresseur,1,False
77.6,16.25,19.28,5.1,1.38,21.0,342.0,9.0,334.82313,68.84,C,compresseur,0,False
56.51,6.86,50.38,4.84,17.66,10.0,693.0,3.0,942.666546,55.11,C,pompe,0,False
49.74,6.61,62.97,5.43,13.55,0.0,391.0,7.0,315.327224,61.69,B,compresseur,0,False
60.11,8.67,51.65,6.38,13.24,17.0,388.0,12.0,482.212517,41.9,B,convoyeur,1,False
67.6,12.39,36.05,3.79,15.28,16.0,351.0,8.0,426.598454,29.06,B,convoyeur,0,False
67.68,6.13,75.52,5.33,4.94,6.0,190.0,14.0,370.223304,28.0,A,convoyeur,0,False
86.8,5.21,50.4,9.11,6.76,12.0,577.0,9.0,1047.560946,94.72,A,compresseur,0,False
43.65,4.88,13.95,6.98,12.42,2.0,484.0,15.0,201.677194,81.52,B,convoyeur,0,False
80.11,16.08,69.52,8.9,7.22,12.0,587.0,8.0,485.266774,68.75,B,compresseur,0,False
78.62,10.14,85.0,5.395,14.71,2.0,209.0,0.0,598.655028,17.4,A,convoyeur,0,False
62.35,15.96,42.26,5.03,8.24,18.0,38.0,16.0,768.353718,22.99,C,convoyeur,0,False
92.53,7.68,63.38,1.21,11.59,6.0,2.0,10.0,382.92312,64.21,B,pompe,1,False
80.74,8.06,67.53,3.59,14.55,19.0,590.0,15.0,208.020622,63.12,A,convoyeur,0,False
94.33,15.98,81.15,5.54,10.63,3.0,128.0,16.0,168.345787,87.47,C,convoyeur,1,False
39.03,15.88,88.02,8.16,4.64,1.0,727.0,14.0,330.845299,81.31,C,convoyeur,0,False
60.44,16.16,40.59,5.48,4.66,0.0,414.0,2.0,129.140865,10.29,B,pompe,0,False
85.37,2.58,39.06,1.71,12.76,16.0,421.0,9.0,206.854965,1.59,C,pompe,0,False
43.25,18.47,49.75,5.59,13.18,24.0,141.0,6.0,440.824585,30.15,C,convoyeur,1,False
69.79,16.18,42.24,8.23,21.03,14.0,303.0,15.0,648.584153,38.59,B,compresseur,1,False
82.54,1.43,28.47,6.52,17.87,14.0,306.0,4.0,228.985972,29.01,C,convoyeur,0,False
44.85,4.49,26.34,1.6,15.98,8.0,668.0,8.0,776.93309,57.48,A,convoyeur,0,False
77.61,6.35,79.33,5.08,7.87,11.0,89.0,15.0,501.031304,25.49,A,pompe,0,False
80.4,4.86,82.14,1.24,6.39,24.0,196.0,15.0,506.460892,44.5,B,pompe,0,False
48.66,9.9,70.82,5.74,20.01,0.0,225.0,8.0,278.220824,40.53,C,compresseur,1,False
55.72,16.92,23.62,2.08,7.25,16.0,372.0,5.0,518.976454,18.71,C,pompe,0,False
68.68,3.15,10.29,1.53,12.95,2.0,453.0,3.0,359.799057,51.92,C,pompe,0,False
54.53,16.27,11.9,3.56,2.55,16.0,36.0,11.0,551.855845,57.76,A,convoyeur,0,False
48.96,13.72,47.86,6.47,12.32,13.0,566.0,1.0,169.0806,41.05,C,compresseur,0,False
50.75,13.21,58.32,8.25,18.47,4.0,558.0,17.0,432.221438,42.97,C,pompe,0,False
54.13,3.92,31.51,7.77,20.07,1.0,221.0,1.0,400.616835,10.24,A,pompe,0,False
47.2,10.14,70.41,8.25,21.68,15.0,21.0,6.0,405.001583,75.05,B,convoyeur,0,False
82.13,12.71,15.1,7.91,17.39,12.0,55.0,1.0,344.146786,22.81,A,compresseur,0,False
83.77,8.84,17.75,7.7,9.39,18.0,204.0,0.0,206.506319,5.77,B,pompe,1,False
41.92,11.59,30.56,7.39,16.47,9.0,542.0,1.0,692.61485,13.63,B,convoyeur,0,False
35.6,8.84,12.71,7.77,14.31,6.0,195.0,16.0,95.279859,43.55,B,pompe,0,False
70.18,16.8,83.54,1.76,13.76,1.0,221.0,1.0,162.34195,60.19,B,compresseur,1,False
91.77,10.72,22.06,6.15,10.09,5.0,157.0,1.0,1028.333864,20.43,A,compresseur,0,False
92.45,11.85,77.03,1.69,7.31,0.0,489.0,9.0,426.833416,11.15,B,convoyeur,0,False
67.2,9.61,67.4,2.8,15.99,18.0,678.0,11.0,730.671939,36.96,C,pompe,0,False
64.68,10.82,76.48,6.15,2.72,2.0,689.0,8.0,440.961632,98.52,C,convoyeur,0,False
58.88,17.85,83.11,8.03,10.09,4.0,433.0,14.0,458.46033,32.41,A,compresseur,0,False
75.65,9.51,22.29,5.74,17.56,7.0,272.0,4.0,917.039953,89.09,C,pompe,0,False
78.56,16.99,84.83,2.77,13.85,0.0,88.0,6.0,348.873528,28.26,C,compresseur,0,False
41.51,17.47,47.45,4.99,20.94,24.0,656.0,2.0,771.1395,95.74,A,pompe,0,False
93.49,16.02,84.33,5.04,5.03,0.0,292.0,4.0,343.966321,29.14,B,compresseur,1,False
76.13,10.16,18.52,1.51,4.96,8.0,136.0,9.0,97.068127,68.19,B,convoyeur,0,False
64.1,5.58,57.54,4.6,3.01,25.0,655.0,14.0,126.7101,17.14,B,convoyeur,0,False
59.94,5.66,40.15,6.41,9.44,15.0,539.0,3.0,413.030689,62.86,A,convoyeur,0,False
83.85,2.3,31.61,1.55,19.55,17.0,470.0,4.0,459.040297,3.43,C,convoyeur,0,False
90.09,1.97,84.53,7.8,7.65,2.0,116.0,8.0,230.407377,148.37,C,compresseur,0,False
41.91,4.69,35.65,5.31,17.97,23.0,206.0,17.0,491.030404,22.63,C,compresseur,0,False
60.33,16.41,30.98,2.82,10.2,9.0,238.0,5.0,178.090964,0.66,A,convoyeur,0,False
53.91,10.41,10.45,0.94,3.43,19.0,548.0,7.0,747.43213,17.21,C,convoyeur,0,False
64.9,9.62,42.68,9.15,8.51,9.0,110.0,11.0,534.959163,24.2,C,compresseur,1,False
65.8,7.41,28.06,0.87,13.7,18.0,325.0,17.0,312.320081,31.32,B,pompe,0,False
86.52,12.97,87.05,6.28,3.95,5.0,128.0,8.0,472.474242,98.0,A,convoyeur,1,False
38.89,7.0,84.34,4.91,13.67,19.0,250.0,63.1,360.894549,67.08,C,compresseur,0,True
47.96,7.2,66.3,0.81,5.14,13.0,100.0,14.0,714.760328,5.67,B,pompe,0,False
93.7,3.5,72.33,7.97,2.17,14.0,199.0,5.0,738.661934,5.82,C,pompe,0,False
78.19,16.4,86.86,6.09,21.16,16.0,70.0,10.0,607.568119,71.13,C,pompe,0,False
51.63,7.65,58.01,3.97,3.8,6.0,41.0,3.0,728.136837,43.44,C,pompe,0,False
83.85,4.96,91.83,6.97,2.62,3.0,689.0,7.0,435.032919,17.21,C,compresseur,0,False
91.91,17.0,46.06,6.57,4.38,23.0,128.0,12.0,278.766084,13.49,C,convoyeur,1,False
48.56,4.79,26.69,8.86,9.57,18.0,251.0,14.0,150.899506,57.0,B,pompe,0,False
40.1,13.97,78.59,8.71,12.91,24.0,562.0,6.0,758.468358,53.88,B,compresseur,0,False
45.55,18.31,84.35,2.63,11.62,2.0,351.0,7.0,0.0,28.38,C,compresseur,0,False
94.8,2.68,11.44,7.77,16.66,0.0,660.0,12.0,540.675781,38.88,B,pompe,0,False
67.43,10.83,14.96,7.43,6.11,11.0,671.0,4.0,796.75954,1.38,C,compresseur,0,False
89.39,4.83,14.33,1.6,4.43,5.0,713.0,5.0,632.223023,39.75,B,compresseur,0,False
55.53,6.59,27.82,5.72,19.6,19.0,138.0,8.0,802.973031,81.95,A,convoyeur,0,False
85.95,8.07,36.3,8.39,21.37,24.0,604.0,10.0,0.0,10.4,C,convoyeur,0,False
88.38,15.38,89.04,4.24,4.11,23.0,415.0,1.0,199.520272,74.34,A,compresseur,0,False
87.36,3.16,91.91,0.87,4.16,9.0,114.0,7.0,200.404465,84.96,B,pompe,0,False
92.89,15.68,73.53,1.72,3.13,25.0,650.0,1.0,0.0,0.5,B,compresseur,0,False
92.87,5.71,90.96,9.49,19.72,19.0,295.0,18.0,495.001307,21.52,A,pompe,0,False
58.48,11.61,10.74,2.91,1.73,14.0,653.0,15.0,649.640829,60.9,B,convoyeur,0,False
68.3,0.7,36.06,8.35,4.74,1.0,399.0,8.0,805.574887,68.77,A,convoyeur,0,False
78.44,17.15,70.3,7.27,19.5,11.0,453.0,14.0,71.46784,29.53,C,compresseur,0,False
54.49,0.79,68.3,7.84,21.7,2.0,328.0,13.0,692.589719,35.71,C,pompe,0,False
91.27,14.28,75.21,7.56,19.87,8.0,139.0,11.0,660.971308,81.29,C,convoyeur,1,False
64.09,6.47,29.45,8.3,18.95,14.0,356.0,4.0,454.023666,96.81,A,pompe,1,False
55.51,8.36,29.68,3.14,13.77,2.0,231.0,14.0,703.922474,56.06,A,convoyeur,0,False
93.84,13.17,47.43,8.51,11.36,9.0,101.0,16.0,492.744431,51.8,B,compresseur,1,False
56.36,0.11,32.65,5.05,13.32,16.0,227.0,11.0,167.162599,206.62,A,convoyeur,0,True
49.16,12.52,43.74,7.7,18.53,1.0,138.0,3.0,407.868806,66.99,B,pompe,0,False
67.01,12.51,17.22,1.57,9.88,19.0,604.0,4.0,0.0,21.55,B,pompe,0,False
70.32,1.59,72.98,2.32,13.14,11.0,351.0,10.0,741.26718,35.66,B,convoyeur,0,False
55.07,4.53,34.76,3.37,20.93,8.0,678.0,14.0,150.787089,99.64,B,convoyeur,0,False
91.99,13.18,40.59,1.72,1.73,25.0,185.0,3.0,334.746437,87.47,B,compresseur,1,False
84.0,6.98,82.34,5.72,8.0,9.0,539.0,1.0,174.54693,18.24,B,pompe,0,False
41.97,18.01,15.06,5.59,6.07,5.0,467.0,3.0,514.27406,59.46,B,convoyeur,0,False
82.89,10.23,60.09,1.84,13.64,6.0,560.0,14.0,544.270418,65.03,C,pompe,0,False
88.33,6.54,40.28,5.35,15.28,18.0,424.0,13.0,93.688084,3.24,A,convoyeur,1,False
39.07,7.59,89.53,2.8,7.39,5.0,338.0,5.0,431.84028,85.36,C,convoyeur,0,False
57.58,3.77,35.5,3.65,15.96,11.0,461.0,15.0,917.396355,23.1,A,compresseur,0,False
65.24,16.25,71.9,9.09,11.62,18.0,130.0,12.0,748.274908,6.57,C,compresseur,0,False
69.23,14.89,58.14,8.06,6.82,6.0,316.0,2.0,574.144616,66.97,A,compresseur,1,False
89.69,16.02,55.87,7.04,3.84,8.0,413.0,10.0,231.732686,59.46,C,compresseur,0,False
35.06,12.32,31.65,3.88,4.06,20.0,593.0,12.0,288.66489,56.64,C,compresseur,0,False
41.33,16.14,85.74,5.43,8.27,21.0,691.0,15.0,314.068647,72.13,C,convoyeur,0,False
47.36,6.59,70.77,3.51,11.14,5.0,238.0,3.0,145.09838,28.3,C,pompe,0,False
50.39,1.59,26.21,8.28,11.75,9.0,444.0,16.0,155.137557,61.7,A,pompe,0,False
85.37,5.2,50.85,4.86,5.12,15.0,607.0,8.0,534.112203,46.87,C,pompe,0,False
85.44,17.22,19.18,6.57,17.41,16.0,485.0,4.0,173.617361,7.5,B,pompe,0,False
44.37,16.94,79.02,1.3,11.62,0.0,241.0,2.0,276.808122,29.88,A,compresseur,0,False
67.84,15.62,19.11,4.54,16.44,10.0,229.0,18.0,298.997162,80.62,C,compresseur,1,False
55.45,7.02,28.63,2.93,19.39,3.0,132.0,15.0,304.022574,8.66,B,pompe,0,False
39.31,1.11,74.84,3.38,12.35,5.0,251.0,5.0,468.766363,41.36,C,pompe,0,False
51.46,8.96,76.49,4.17,9.32,9.0,622.0,18.0,714.325237,1.0,B,pompe,0,False
83.69,6.86,49.95,3.04,9.79,17.0,67.0,4.0,799.608729,71.65,B,convoyeur,0,False
43.49,1.82,31.0,2.22,4.41,12.0,395.0,3.0,620.759315,79.66,B,pompe,0,False
53.19,17.52,14.92,1.39,0.88,8.0,515.0,0.0,337.310059,78.72,C,pompe,0,False
83.57,16.08,26.98,8.63,11.25,18.0,476.0,1.0,508.543932,62.5,C,compresseur,0,False
50.36,9.65,73.7,8.38,13.93,16.0,390.0,4.0,464.742171,21.77,C,compresseur,0,False
